#{"t_start": 1773999538.7571719, "env_id": "highway-fast-v0"}
r,l,t
0.0,40,0.654206
1.422222,40,0.840023
0.902318,40,1.016672
9.23005,40,1.205888
3.305366,40,1.385686
0.730611,40,1.563504
5.977778,40,1.801131
2.0,40,1.985991
0.0,40,2.176152
2.385004,40,2.358417
1.377778,40,2.539862
1.644444,40,2.719529
4.90922,40,2.897834
0.688889,40,3.096968
1.61632,40,3.279561
11.68511,40,3.461052
0.688889,40,3.666622
2.963202,40,3.845806
5.20878,40,4.024521
0.666667,40,4.198836
0.733333,40,4.378787
3.466667,40,4.556817
3.42305,40,4.735446
4.244444,40,5.025478
0.0,40,5.256093
11.244444,40,5.455314
2.949229,40,5.654393
1.739201,5,5.681441
4.222222,40,5.869689
0.869247,40,6.050827
3.466667,40,6.230118
0.0,40,6.431243
0.711111,40,6.613284
15.088889,40,6.840631
11.022222,40,7.062219
1.333333,40,7.249431
0.0,40,7.431347
0.0,40,7.623569
0.711111,40,7.804788
8.423473,40,7.98385
0.0,40,8.164294
0.733333,40,8.342196
11.620986,40,8.521542
6.212214,40,8.699577
5.837378,40,8.901489
4.039005,40,9.082841
2.088889,40,9.263844
2.561072,40,9.443598
4.248626,40,9.624865
2.022222,40,9.801513
4.550874,40,9.98309
0.733333,40,10.164199
6.2,40,10.345411
0.711111,40,10.531055
3.533333,40,10.711785
1.905479,40,10.896922
4.243804,40,11.081619
2.711111,40,11.308062
1.622222,40,11.522053
0.823916,40,11.708867
3.111111,40,11.896227
1.731146,40,12.077966
0.0,40,12.268498
9.105932,40,12.456022
4.634685,40,12.642125
1.466667,40,12.829243
2.133333,40,13.009808
4.177778,40,13.191508
0.0,40,13.372393
4.936704,40,13.554468
3.377778,40,13.737786
1.377778,40,13.917223
4.288889,40,14.097327
6.661876,40,14.281687
1.355556,40,14.46333
7.999435,40,14.643999
4.0885,40,14.826673
1.4,40,15.009815
2.827655,40,15.190848
0.666667,40,15.369341
2.111111,40,15.555124
2.733333,40,15.739431
5.197685,40,15.920985
4.837106,40,16.104189
0.733333,40,16.287981
1.368775,40,16.471901
0.0,40,16.656457
7.242827,40,16.834174
7.8,40,17.016679
1.502951,40,17.198133
2.505893,40,17.382134
3.662013,40,17.565988
5.644444,40,17.745388
1.355556,40,17.928039
0.733333,40,18.110687
4.999644,40,18.291854
2.088889,40,18.475586
3.216193,40,18.655943
4.377778,40,18.837005
4.8,40,19.043102
0.0,40,19.227929
12.601539,40,19.412161
1.422222,40,19.59283
2.088889,40,20.076574
4.229436,40,20.256569
6.288889,40,20.434743
2.933333,40,20.614914
3.887636,40,20.79644
1.394675,40,20.976499
3.488889,40,21.156275
4.911111,40,21.336311
2.933333,40,21.515328
2.755556,40,21.696415
0.0,40,21.874492
7.1814,40,22.059419
9.98152,40,22.243011
1.851468,40,22.423209
0.0,40,22.606585
2.711111,40,22.790336
5.040671,40,22.973119
0.849466,40,23.156233
2.933333,40,23.340903
0.0,40,23.527657
0.0,40,23.710807
4.799666,40,23.892325
3.133333,40,24.07437
3.555556,40,24.254239
0.0,40,24.437696
0.0,40,24.619842
1.444444,40,24.803844
2.361437,40,24.988527
3.396221,40,25.170447
1.715166,40,25.362524
0.733333,40,25.555079
0.708806,40,25.742403
0.0,40,25.928672
10.333333,40,26.111798
5.043756,40,26.2924
1.444444,40,26.478311
2.352881,40,26.678618
5.555556,40,26.890813
0.0,40,27.075512
2.133333,40,27.25568
0.733333,40,27.43686
3.444444,40,27.615553
0.0,40,27.795503
7.6,40,27.977545
2.111111,40,28.161248
4.553506,40,28.345303
0.0,40,28.531275
0.0,40,28.713958
0.0,40,28.896464
7.661361,40,29.078989
3.444444,40,29.262683
11.797652,40,29.45113
1.422222,40,29.633938
11.207077,40,29.811347
3.155556,40,29.993439
5.986176,40,30.175508
1.660411,40,30.360051
0.666667,40,30.543415
9.066667,40,30.723108
1.422222,40,30.903388
2.755556,40,31.0839
3.565714,40,31.266914
6.552775,40,31.447995
2.155556,40,31.626879
0.0,40,31.807353
6.286833,40,31.989306
2.311111,40,32.173561
1.444444,40,32.357163
0.688889,40,32.543939
0.0,40,32.725926
2.8,40,32.906681
3.533333,40,33.088049
4.222222,40,33.271816
0.711111,40,33.456411
2.088889,40,33.638289
3.001811,40,33.820798
2.044444,40,34.004974
0.0,40,34.19015
4.355556,40,34.371191
1.444444,40,34.554149
1.606973,40,34.735306
2.044444,40,34.919244
2.981573,40,35.107331
7.066667,40,35.293275
2.199103,40,35.483494
8.044444,40,35.665585
2.022222,40,35.843734
2.777778,40,36.028609
6.244444,40,36.211402
8.622032,40,36.39476
0.0,40,36.574056
0.0,40,36.753909
0.0,40,36.930852
0.0,40,37.109018
2.133333,40,37.290213
1.377778,40,37.470304
4.866667,40,37.652645
10.374831,40,37.832254
0.0,40,38.01527
2.396043,40,38.195297
0.733333,40,38.375341
3.134642,40,38.559263
5.6,40,38.95382
10.994895,40,39.13656
8.955556,40,39.317543
7.943322,40,39.501684
8.444444,40,39.681241
0.0,40,39.86154
4.667342,40,40.12903
4.649449,40,40.309843
10.466667,40,40.488417
8.866667,40,40.669404
7.039258,40,40.84916
1.4,40,41.030723
5.144357,40,41.216356
2.253198,40,41.394895
3.511111,40,41.573562
0.666667,40,41.749875
6.643788,40,41.927708
0.711111,40,42.107945
1.590728,40,42.288888
11.532614,40,42.466285
7.488889,40,42.640314
0.733333,40,42.817369
2.733333,40,42.993957
4.2,40,43.175798
10.631422,40,43.355307
0.727131,40,43.532637
0.733333,40,43.708838
1.711111,40,43.888964
1.355556,40,44.069197
0.688889,40,44.24553
0.0,40,44.428204
2.227975,40,44.608805
1.4,40,44.787684
2.822222,40,44.967279
6.513776,40,45.144652
0.0,40,45.32198
2.256745,40,45.501828
1.466667,40,45.68404
3.422222,40,45.864847
6.98744,40,46.048002
5.054015,40,46.228948
4.177778,40,46.413319
1.444444,40,46.596113
6.247089,40,46.777726
13.849687,40,46.961411
1.377778,40,47.140086
2.326201,40,47.319032
0.733333,40,47.498583
4.911111,40,47.677322
1.355556,40,47.859523
3.488889,40,48.038973
5.622222,40,48.216303
2.088889,40,48.397848
0.666667,40,48.577948
3.530262,40,48.757983
0.0,40,48.939032
0.0,40,49.118387
5.117893,40,49.295956
2.088889,40,49.473873
5.846012,40,49.653361
6.244444,40,49.833875
0.816255,40,50.017629
1.466667,40,50.199246
0.0,40,50.379085
1.711111,40,50.558577
0.0,40,50.738159
0.0,40,50.915581
3.236852,40,51.094005
0.0,40,51.27164
6.519006,40,51.456592
6.355556,40,51.639195
2.759765,40,51.82063
0.733333,40,52.003407
4.2,40,52.182723
5.577778,40,52.361027
2.98779,40,52.541445
2.949721,40,52.722133
1.603158,40,52.902781
9.287598,40,53.083481
0.0,40,53.26457
4.392789,40,53.447266
0.666667,40,53.625896
0.0,40,53.806113
5.6,40,53.986233
0.688889,40,54.165953
0.0,40,54.344429
3.068836,40,54.5239
2.088889,40,54.702851
1.4,40,54.885927
3.844444,40,55.064964
4.282488,40,55.247871
8.540872,40,55.429244
1.444444,40,55.60964
0.0,40,55.790079
0.786949,40,55.970314
1.444444,40,56.153176
0.666667,40,56.331474
4.207908,40,56.510364
9.435371,40,56.691671
4.844444,40,56.876404
10.424973,40,57.059469
2.128145,40,57.240862
4.2,40,57.419907
0.870424,40,57.816877
3.705833,40,58.001982
0.0,40,58.184309
0.688889,40,58.366105
6.955556,40,58.550661
1.560728,40,58.729313
0.0,40,58.91127
2.12257,40,59.094614
2.232446,40,59.277135
0.0,40,59.456996
2.155556,40,59.634681
2.133333,40,59.810489
7.652923,40,59.992032
3.555556,40,60.170328
1.688889,40,60.353202
0.711111,40,60.530648
1.333333,40,60.711627
5.6,40,60.896577
0.925748,40,61.076914
1.355556,40,61.256257
0.733333,40,61.438868
2.819331,40,61.618217
4.888889,40,61.796497
2.133333,40,61.97746
1.448055,40,62.153043
0.0,40,62.338198
10.045486,40,62.518858
0.666667,40,62.699308
3.422222,40,62.877548
1.626805,40,63.06116
3.540009,40,63.245139
3.4,40,63.428569
1.466667,40,63.615793
8.422222,40,63.796894
7.154778,40,63.97931
0.711111,40,64.160743
0.0,40,64.340081
1.377778,40,64.51659
1.476685,40,64.697204
4.956344,40,64.876417
1.467064,40,65.053631
2.133333,40,65.237607
0.733333,40,65.419956
7.812737,40,65.596417
0.0,40,65.776017
1.514031,40,65.957849
6.533333,40,66.139334
2.974453,40,66.319772
4.665016,40,66.500206
5.639971,40,66.67949
1.444444,40,66.857183
5.159238,40,67.038196
1.333333,40,67.22114
0.733333,40,67.397377
6.933333,40,67.576365
3.367724,40,67.754963
1.522532,40,67.932209
0.711111,40,68.115109
3.466667,40,68.296785
4.670161,40,68.481179
0.0,40,68.662383
0.0,40,68.844801
0.0,40,69.030699
2.844444,40,69.211338
4.637873,40,69.390915
4.911111,40,69.572237
2.022222,40,69.751837
1.738928,40,69.928002
4.205448,40,70.10764
2.133333,40,70.286552
2.844444,40,70.464412
8.405536,40,70.644755
9.330634,40,70.825699
2.822222,40,71.007371
6.809966,40,71.189896
10.665525,40,71.37191
2.8,40,71.552254
6.144631,40,71.730415
3.643648,40,71.910434
0.733333,40,72.092738
2.911895,40,72.274076
1.444444,40,72.451302
0.0,40,72.631724
2.777778,40,72.813594
0.711111,40,72.99574
3.488889,40,73.175613
0.733333,40,73.356191
2.066667,40,73.540061
4.955556,40,73.726993
5.043219,40,73.911135
0.666667,40,74.093225
7.0,40,74.276094
4.822222,40,74.459381
3.8,40,74.640221
3.488889,40,74.823169
1.422222,40,75.004762
2.755556,40,75.187186
0.900781,40,75.366699
0.0,40,75.548809
3.533333,40,75.728396
2.822222,40,75.908019
10.466667,40,76.090743
0.0,40,76.489296
1.4,40,76.670953
3.666667,40,76.84912
3.977778,40,77.02936
2.170994,40,77.212892
0.0,40,77.392562
1.645137,40,77.570538
4.755556,40,77.749037
2.4,40,77.931144
10.4,40,78.111191
0.688889,40,78.291292
4.504556,40,78.467731
0.666667,40,78.650696
3.444444,40,78.834807
2.088889,40,79.017937
0.0,40,79.199913
6.619746,40,79.382919
11.432862,40,79.564406
5.066667,40,79.743905
0.666667,40,79.92222
0.711111,40,80.10364
0.0,40,80.282627
9.733333,40,80.462652
1.4,40,80.640497
10.933333,40,80.821293
10.043278,40,81.003433
7.759753,40,81.183825
0.733333,40,81.36978
0.0,40,81.552221
1.444444,40,81.732572
0.0,40,81.913337
3.155556,40,82.096074
8.755556,40,82.275212
0.0,40,82.457916
7.423092,40,82.636981
1.355556,40,82.819433
1.4,40,82.998623
1.4,40,83.176712
10.644444,40,83.356765
9.155556,40,83.539201
3.488889,40,83.721937
3.1252,40,83.902102
2.882014,40,84.084947
7.755556,40,84.263015
5.688889,40,84.444134
2.888889,40,84.622298
0.0,40,84.80534
0.0,40,84.987679
1.355556,40,85.165292
4.822222,40,85.349949
3.488889,40,85.531647
0.0,40,85.714753
4.444444,40,85.895995
7.912153,40,86.077679
4.507001,40,86.259633
1.444444,40,86.440624
2.111111,40,86.62162
2.14189,40,86.800717
7.780476,40,86.979419
7.178569,40,87.157217
2.850027,40,87.338593
0.711111,40,87.516449
6.222222,40,87.695001
3.422222,40,87.878692
1.333333,40,88.056498
0.0,40,88.235321
0.711111,40,88.410151
4.466667,40,88.5895
6.380958,40,88.773567
3.563405,40,88.95801
3.533333,40,89.138674
12.263334,40,89.314297
2.065156,40,89.490436
2.733333,40,89.672724
5.044444,40,89.850924
2.777778,40,90.031785
8.622222,40,90.212467
0.0,40,90.391642
2.222886,40,90.573363
2.777778,40,90.754082
0.666667,40,90.936329
4.844444,40,91.117814
3.1026,40,91.298374
2.133333,40,91.476979
4.338056,40,91.660814
4.888889,40,91.839236
7.058311,40,92.02152
0.711111,40,92.204768
0.0,40,92.389367
2.8,40,92.569291
9.941023,40,92.751055
0.0,40,92.937873
3.647175,40,93.11799
0.0,40,93.297141
3.577324,40,93.479315
2.022222,40,93.660975
0.0,40,93.84053
2.177778,40,94.021667
0.688889,40,94.203762
2.899107,40,94.386725
0.0,40,94.566354
3.622222,40,94.746032
5.029074,40,95.137283
7.348472,40,95.316091
12.333333,40,95.500359
1.355556,40,95.683451
0.0,40,95.863776
6.547948,40,96.043164
2.177778,40,96.221243
3.566539,40,96.403933
0.0,40,96.588334
0.0,40,96.766999
3.574261,40,96.947946
2.111111,40,97.128403
10.014869,40,97.311411
2.968919,40,97.492931
5.533333,40,97.675019
8.360061,40,97.855563
8.959081,40,98.03383
0.0,40,98.211563
0.666667,40,98.388526
6.284815,40,98.570784
2.177778,40,98.750477
11.2,40,98.9359
1.552895,40,99.120614
5.914896,40,99.303669
7.128548,40,99.485517
3.592754,40,99.668819
6.466667,40,99.851503
0.688889,40,100.030412
5.755556,40,100.209351
3.444444,40,100.390743
0.666667,40,100.57006
1.377778,40,100.755046
2.8,40,100.9347
3.422222,40,101.114742
7.746375,40,101.297458
2.688889,40,101.474989
9.777778,40,101.656199
1.729352,40,101.83746
0.828009,40,102.019445
0.711111,40,102.195058
2.377778,40,102.37761
1.355556,40,102.56117
7.974664,40,102.740031
4.177778,40,102.921788
0.733333,40,103.10463
8.911111,40,103.287715
0.0,40,103.466535
7.904739,40,103.646189
3.822725,40,103.824588
3.6,40,104.007634
4.82686,40,104.191169
11.266667,40,104.371071
2.822222,40,104.551563
4.244444,40,104.733477
12.466667,40,104.914733
11.166399,40,105.096048
9.0,40,105.274803
12.122753,40,105.456262
1.63142,40,105.637723
0.0,40,105.847006
3.050469,40,106.026439
6.577778,40,106.207208
2.990707,40,106.388994
0.0,40,106.569757
4.26114,40,106.753929
2.733333,40,106.93351
3.4,40,107.115697
3.311111,40,107.298349
7.641477,40,107.479362
2.111111,40,107.663214
4.900167,40,107.847722
10.597132,40,108.031205
7.886522,40,108.211294
0.0,40,108.389895
3.422222,40,108.56967
0.0,40,108.752007
0.711111,40,108.935832
1.355556,40,109.116989
0.0,40,109.298499
2.214258,40,109.479431
6.288889,40,109.661205
1.500033,40,109.844628
4.572041,40,110.028858
2.177778,40,110.210353
2.733333,40,110.389699
2.822222,40,110.571206
0.688889,40,110.753071
4.760471,40,110.933207
9.044444,40,111.114647
2.151943,40,111.295913
4.222222,40,111.478496
4.719088,40,111.655813
8.466667,40,111.840126
7.769168,40,112.020536
2.219023,40,112.200974
8.585674,40,112.380953
5.133068,40,112.56013
2.355556,40,112.740185
4.993923,40,112.92091
10.555556,40,113.098594
2.866667,40,113.275273
4.213055,40,113.456016
3.782969,40,113.640345
8.333333,40,114.026195
7.079351,40,114.206272
2.848443,40,114.391843
2.981835,40,114.577436
0.733333,40,114.75592
6.435853,40,114.935155
8.338419,40,115.115884
7.777778,40,115.295572
17.062612,40,115.478255
5.704048,40,115.657693
8.325174,40,115.840413
7.533333,40,116.023674
9.106872,40,116.206219
7.222222,40,116.388235
4.977778,40,116.571243
3.466667,40,116.755017
5.037389,40,116.938478
1.422222,40,117.119216
5.400129,40,117.305048
0.744842,40,117.485734
0.0,40,117.666531
2.822222,40,117.847572
1.521593,40,118.027565
9.222222,40,118.211212
7.686188,40,118.398896
10.046687,40,118.580861
7.866667,40,118.760292
8.422222,40,118.944768
2.066667,40,119.128051
2.266404,40,119.313052
3.488889,40,119.49643
2.133333,40,119.679943
3.577778,40,119.862025
0.0,40,120.042965
0.733333,40,120.222793
8.977778,40,120.408035
0.0,40,120.591684
0.0,40,120.772822
1.466667,40,120.956974
5.340071,40,121.139761
5.666538,40,121.322839
4.288889,40,121.499309
0.733333,40,121.682619
4.955556,40,121.865466
8.066667,40,122.047598
8.555556,40,122.229739
5.555556,40,122.409024
4.177778,40,122.59057
0.688889,40,122.768885
4.311111,40,122.949897
6.192143,40,123.12916
0.688889,40,123.309204
10.920641,40,123.494341
9.022222,40,123.675495
1.333333,40,123.856945
2.2,40,124.038078
0.0,40,124.219896
7.942889,40,124.401612
2.133333,40,124.57954
2.777778,40,124.762878
4.133333,40,124.943871
7.844444,40,125.126435
9.777778,40,125.305559
1.444444,40,125.487731
1.608007,40,125.670263
4.61535,40,125.851601
0.688889,40,126.032228
2.186493,40,126.215974
2.226365,40,126.403243
4.458631,40,126.587507
4.866667,40,126.773786
7.923854,40,126.954652
2.111111,40,127.138618
1.377778,40,127.318859
12.743544,40,127.508309
15.111111,40,127.693793
0.0,40,127.875544
8.244444,40,128.05747
3.916452,40,128.242594
2.136238,40,128.424634
0.0,40,128.606832
1.466667,40,128.790695
8.719051,40,128.969536
5.555556,40,129.154309
1.446385,40,129.341762
4.830335,40,129.527928
1.444444,40,129.711628
2.434227,40,129.894075
8.911111,40,130.0771
6.311111,40,130.260639
0.0,40,130.439578
7.044444,40,130.618493
8.555556,40,130.797849
8.605449,40,130.980863
9.044444,40,131.16598
7.244444,40,131.349165
0.733333,40,131.534958
0.0,40,131.719204
6.977778,40,131.903116
3.996896,40,132.084353
0.0,40,132.265969
0.711111,40,132.444823
2.496393,40,132.845838
6.554237,40,133.032212
0.666667,40,133.219179
2.866667,40,133.40184
6.222222,40,133.584537
8.52622,40,133.765087
10.955556,40,133.94641
8.311111,40,134.127705
5.577778,40,134.308825
6.727798,40,134.492737
13.088889,40,134.674274
5.511111,40,134.858665
0.0,40,135.039267
16.755556,40,135.225067
9.583351,40,135.407146
2.866667,40,135.589186
7.920195,40,135.772276
13.868698,40,135.9532
2.755556,40,136.134879
15.328609,40,136.316706
4.979834,40,136.498139
19.405165,40,136.68019
6.177778,40,136.861073
2.866667,40,137.041206
2.133333,40,137.222552
2.755556,40,137.405288
0.0,40,137.598913
10.355556,40,137.779555
2.866667,40,137.961908
2.177778,40,138.141892
6.311111,40,138.326379
2.422222,40,138.508334
2.046562,40,138.689758
6.483763,40,138.875588
2.111111,40,139.059965
4.911111,40,139.246107
2.850032,40,139.428879
0.733333,40,139.608165
4.416864,40,139.791703
6.333333,40,139.977752
5.511111,40,140.157253
7.846934,40,140.339114
4.492867,40,140.521301
1.729019,40,140.701398
6.377778,40,140.885864
0.669614,40,141.068384
2.866977,40,141.252153
5.622222,40,141.433133
0.666667,40,141.6211
5.060838,40,141.802692
0.733333,40,141.983321
3.573212,40,142.163363
2.088889,40,142.347667
0.0,40,142.532493
11.244444,40,142.717176
5.941006,40,142.895565
3.511111,40,143.079556
8.177778,40,143.264078
4.844444,40,143.450206
4.955556,40,143.633841
5.622222,40,143.812542
12.555556,40,143.999515
3.721527,40,144.17886
4.866667,40,144.35826
4.088889,40,144.542481
4.836971,40,144.72678
4.876781,40,144.908139
1.333333,40,145.091363
3.466667,40,145.274279
0.734618,40,145.458174
2.755556,40,145.640952
2.844444,40,145.822895
4.4144,40,146.001661
4.911111,40,146.181077
5.78053,40,146.361412
2.044444,40,146.537163
3.466667,40,146.721461
4.777778,40,146.907626
5.711111,40,147.090556
1.466667,40,147.272611
10.557469,40,147.452131
2.859856,40,147.635299
0.0,40,147.81945
2.846747,40,147.999529
3.555491,40,148.182728
7.733333,40,148.364302
11.427524,40,148.552467
7.206846,40,148.735349
2.857193,40,148.914706
4.355556,40,149.092794
2.088889,40,149.273886
2.911111,40,149.456609
14.866667,40,149.639657
4.297978,40,149.826068
9.111111,40,150.007893
2.571191,40,150.191911
11.044444,40,150.377362
2.844444,40,150.561656
4.466667,40,150.74803
6.288889,40,150.930561
12.616394,40,151.112956
3.488889,40,151.29952
4.03021,40,151.4808
2.044444,40,151.87304
9.862699,40,152.055126
1.355556,40,152.237064
7.133333,40,152.414977
4.888889,40,152.5966
3.688821,40,152.774895
5.577778,40,152.957104
0.0,40,153.136547
2.777778,40,153.314729
1.422222,40,153.496088
3.322231,40,153.677089
8.68438,40,153.857315
2.8,40,154.035539
20.981697,40,154.215337
2.688889,40,154.393142
9.838017,40,154.575535
2.8,40,154.757633
2.189793,40,154.937545
0.733333,40,155.118509
11.439051,40,155.300082
10.911111,40,155.481435
1.333333,40,155.661454
0.0,40,155.841601
0.0,40,156.024206
0.0,40,156.207012
3.439791,40,156.386763
6.582961,40,156.566237
11.955556,40,156.745868
3.022222,40,156.923112
3.533333,40,157.103964
9.177778,40,157.280016
3.533333,40,157.464134
3.511111,40,157.653133
4.54204,40,157.832244
1.444444,40,158.013302
6.339969,40,158.191944
7.822222,40,158.373
0.0,40,158.553353
4.311111,40,158.735228
10.538103,40,158.913644
7.044444,40,159.094967
5.044444,40,159.2752
2.937378,40,159.45915
0.0,40,159.642098
3.583964,40,159.821434
4.16861,40,160.003084
1.422222,40,160.181473
4.222222,40,160.364869
7.759862,40,160.547388
3.488889,40,160.725394
12.218355,40,160.90816
3.444444,40,161.090338
2.155556,40,161.274926
2.066667,40,161.456801
11.155556,40,161.637655
7.111111,40,161.816286
2.222967,40,161.999364
9.796298,40,162.181608
2.822222,40,162.363082
7.221395,40,162.542604
9.133333,40,162.725165
11.266667,40,162.906636
4.822222,40,163.084946
3.057757,40,163.267223
6.995386,40,163.450929
2.298829,40,163.634628
9.221602,40,163.815875
1.422222,40,163.998494
1.422222,40,164.180879
8.111111,40,164.358806
21.758637,40,164.536248
13.152637,40,164.722047
8.377778,40,164.907615
2.066667,40,165.088461
1.422222,40,165.267814
4.111111,40,165.448275
0.0,40,165.627039
1.4,40,165.80724
0.0,40,165.985324
4.896957,40,166.165811
7.755556,40,166.346881
4.955556,40,166.531803
4.911111,40,166.714304
7.777778,40,166.892856
11.268664,40,167.070693
9.066667,40,167.246387
0.0,40,167.422246
3.575181,40,167.606687
6.8656,40,167.79243
2.044444,40,167.978697
5.127655,40,168.164226
3.444444,40,168.351128
12.666667,40,168.536614
2.133333,40,168.723013
6.003058,40,168.910643
3.555556,40,169.095729
10.288889,40,169.281735
4.919039,40,169.466772
6.955556,40,169.652115
6.088889,40,169.834061
2.133333,40,170.016718
9.966634,40,170.199828
2.733333,40,170.592415
6.088889,40,170.77473
3.466667,40,170.953931
5.35482,40,171.136896
7.6,40,171.325169
8.545646,40,171.510268
11.450968,40,171.691405
2.166441,40,171.868841
2.929522,40,172.052421
11.933333,40,172.236299
5.644444,40,172.414996
4.911111,40,172.596457
0.733333,40,172.780106
3.555556,40,172.96139
1.444444,40,173.142644
4.955556,40,173.326027
8.466667,40,173.505431
15.622222,40,173.683172
1.422222,40,173.865368
12.440898,40,174.046786
4.2,40,174.227908
1.466667,40,174.409298
4.133333,40,174.588109
4.526917,40,174.771691
5.772054,40,174.957442
1.422222,40,175.14139
7.066667,40,175.324431
0.666667,40,175.504448
2.923375,40,175.686297
4.911111,40,175.866783
11.111111,40,176.052628
0.0,40,176.23236
4.538852,40,176.413382
8.888889,40,176.594698
8.411827,40,176.778706
5.62437,40,176.964058
7.017002,40,177.146184
4.342805,40,177.329091
11.266667,40,177.512439
4.288889,40,177.691349
4.777778,40,177.86989
3.555556,40,178.050821
12.59046,40,178.232717
10.402916,40,178.413693
13.844444,40,178.599306
7.652564,40,178.78277
3.355556,40,178.962958
0.0,40,179.14445
11.122641,40,179.331317
0.955556,40,179.513904
11.844444,40,179.69486
4.222222,40,179.878429
6.37146,40,180.061725
8.918908,40,180.242876
1.333333,40,180.425844
7.733333,40,180.604864
10.6,40,180.785338
6.377778,40,180.965876
1.422222,40,181.147638
6.155556,40,181.326419
6.133333,40,181.50634
2.822222,40,181.687969
10.266667,40,181.871886
3.4,40,182.054576
0.705035,40,182.237024
9.177778,40,182.415058
2.111111,40,182.598311
10.511111,40,182.778296
5.511111,40,182.963899
9.688889,40,183.148287
0.0,40,183.327885
4.218224,40,183.507013
2.111111,40,183.68861
4.277717,40,183.871404
2.755556,40,184.054041
3.577778,40,184.237103
9.311111,40,184.415183
4.2,40,184.595607
0.0,40,184.779754
0.711111,40,184.962866
3.713595,40,185.144439
8.107654,40,185.325948
6.483326,40,185.508782
8.511111,40,185.691277
14.777778,40,185.869382
9.234356,40,186.05178
7.0,40,186.23632
3.533333,40,186.416225
11.911111,40,186.601219
6.133333,40,186.784101
6.155556,40,186.965486
12.685886,40,187.148535
7.111111,40,187.333919
8.458181,40,187.51715
7.223627,40,187.699031
4.370774,40,187.878197
9.227423,40,188.054157
11.688889,40,188.235193
11.244444,40,188.420172
16.492451,40,188.60257
4.177778,40,188.785056
3.485883,40,188.966542
12.733333,40,189.360007
11.444444,40,189.542497
14.60002,40,189.723578
7.817999,40,189.905416
6.8,40,190.089061
16.244444,40,190.276661
0.747046,3,190.294259
10.111111,40,190.477988
13.869063,40,190.664698
11.977778,40,190.849006
4.539333,40,191.032014
1.377778,40,191.211675
2.888889,40,191.393082
7.518798,40,191.572051
13.555556,40,191.757027
0.666667,40,191.938835
14.622222,40,192.119078
6.266667,40,192.302668
7.207404,40,192.481393
6.531843,40,192.661084
5.724329,40,192.841631
13.933333,40,193.030672
4.933333,40,193.215083
6.133333,40,193.397423
2.733333,40,193.589779
5.81924,40,193.768653
5.664775,40,193.946662
6.903352,40,194.127955
2.111111,40,194.310536
5.0,40,194.488779
7.022222,40,194.66861
4.222222,40,194.850224
11.118324,40,195.032994
5.062345,40,195.213304
11.333333,40,195.393047
0.666667,40,195.576733
12.022222,40,195.761992
11.666667,40,195.943062
11.577227,40,196.124978
4.970817,40,196.305058
5.688889,40,196.486797
10.345366,40,196.670723
5.030602,40,196.855241
9.911111,40,197.0363
5.942135,40,197.217726
8.042287,40,197.401319
11.288889,40,197.582018
9.777778,40,197.760708
14.622222,40,197.942271
14.622222,40,198.126949
18.484322,40,198.310315
14.582861,40,198.488803
8.088889,40,198.670649
12.327689,40,198.853725
10.356093,40,199.113509
16.488889,40,199.34251
7.622222,40,199.551679
7.762814,40,199.755551
17.377778,40,199.951027
4.244444,40,200.155308
7.044444,40,200.352293
12.711111,40,200.542386
14.837034,40,200.725884
7.116537,40,200.909303
7.466667,40,201.091884
3.533333,40,201.272805
12.488889,40,201.452513
7.121476,40,201.633635
2.044444,40,201.814058
7.23694,40,201.995386
5.60192,40,202.179563
2.755556,40,202.358569
14.860042,40,202.541426
18.174367,40,202.722144
0.711111,40,202.907192
5.555556,40,203.086127
0.688889,40,203.268745
5.630312,40,203.450508
0.711111,40,203.633245
16.266667,40,203.843168
2.201279,40,204.027725
3.662588,40,204.211724
13.866667,40,204.395073
1.377778,40,204.583695
16.666667,40,204.769457
10.355556,40,204.985451
4.277525,40,205.16991
18.088889,40,205.357828
10.592673,40,205.544028
11.066667,40,205.726861
7.711111,40,205.909131
5.536884,40,206.093542
10.444444,40,206.274823
6.444444,40,206.459438
7.691481,40,206.674066
7.2,40,206.851776
3.015165,40,207.029455
2.155556,40,207.207424
8.266667,40,207.390867
6.933333,40,207.569373
0.688889,40,207.750228
6.453831,40,207.930145
8.377778,40,208.111474
12.613584,40,208.289581
11.921362,40,208.67989
12.424969,40,208.86097
7.464068,40,209.042562
4.222222,40,209.224189
10.588158,40,209.406431
1.4,40,209.587343
18.355556,40,209.786151
5.533333,40,209.972265
6.911111,40,210.155161
13.844444,40,210.33873
9.916188,40,210.60746
2.822222,40,210.809998
1.422222,40,210.990904
20.4,40,211.217158
6.288889,40,211.40227
6.911111,40,211.580351
13.377778,40,211.758028
14.777778,40,211.940838
7.045936,40,212.122247
2.666667,40,212.302602
2.022222,40,212.483742
4.8,40,212.665229
7.0,40,212.84908
6.377477,40,213.024455
12.022222,40,213.200328
5.231546,40,213.381091
12.533333,40,213.561168
0.0,40,213.742523
10.72996,40,213.923881
16.466667,40,214.104755
9.939276,40,214.288146
14.913817,40,214.474912
3.511111,40,214.658902
10.0,40,214.843568
4.488889,40,215.048926
4.2,40,215.229565
11.933333,40,215.416013
3.577778,40,215.597817
15.455584,40,215.77947
7.063272,40,215.982859
1.422222,40,216.173357
10.933333,40,216.354842
9.622222,40,216.547646
17.8,40,216.731694
11.488889,40,216.915191
9.666667,40,217.098798
14.477153,40,217.309145
0.0,40,217.495511
8.422222,40,217.710334
12.533416,40,217.893941
11.977778,40,218.07552
6.311111,40,218.255708
2.775711,40,218.442306
10.584533,40,218.63701
7.0,40,218.820468
10.533333,40,219.004445
1.466667,40,219.185568
11.244444,40,219.366293
7.031341,40,219.555252
5.622222,40,219.736545
5.533333,40,219.919754
9.177778,40,220.100984
4.111111,40,220.2834
6.468227,40,220.466666
2.111111,40,220.646617
4.231845,40,220.827824
9.844444,40,221.01085
8.666667,40,221.194855
18.488889,40,221.376443
8.422222,40,221.560359
0.733333,40,221.739597
2.755556,40,221.962303
3.511111,40,222.151404
4.6,40,222.333194
5.6,40,222.517027
13.244444,40,222.705442
10.054636,40,222.898313
13.941142,40,223.09879
5.422222,40,223.293043
11.155556,40,223.477973
6.933333,40,223.658859
5.368285,40,223.840195
0.0,40,224.020186
4.166375,40,224.2036
5.733333,40,224.392117
7.739332,40,224.583197
0.727964,40,224.767995
9.755556,40,224.948991
1.4,40,225.129906
14.444444,40,225.310522
10.040582,40,225.49052
8.143102,40,225.6735
10.742323,40,225.852463
4.088889,40,226.03711
2.183164,40,226.219344
2.8,40,226.402998
7.711111,40,226.588129
18.355556,40,226.771054
15.933333,40,226.958405
17.777778,40,227.146621
11.177778,40,227.328057
10.288889,40,227.522232
11.23483,40,227.916811
11.155556,40,228.097151
9.0,40,228.280441
7.866667,40,228.460967
6.274343,40,228.640952
14.711111,40,228.81822
12.064726,40,228.997987
11.3744,40,229.179514
2.923107,40,229.358781
3.422222,40,229.538687
10.511111,40,229.717842
7.249653,40,229.898429
13.244444,40,230.080948
7.128476,40,230.264449
4.066667,40,230.445665
15.315424,40,230.62774
4.933333,40,230.807168
6.4,40,230.988261
9.133333,40,231.162738
4.888889,40,231.344694
4.222222,40,231.523434
3.844444,40,231.707033
2.088889,40,231.888453
14.642165,40,232.069765
13.111111,40,232.253758
9.0,40,232.435021
9.733333,40,232.617842
3.511111,40,232.795269
20.266667,40,232.978049
10.355556,40,233.157462
2.066667,40,233.33985
9.398238,40,233.520598
9.384128,40,233.700697
16.044444,40,233.882537
6.822222,40,234.06519
4.866667,40,234.244356
12.711111,40,234.423253
8.333333,40,234.602688
9.066667,40,234.784733
13.362774,40,234.965141
0.0,40,235.149221
1.422222,40,235.330308
6.311111,40,235.505759
13.2,40,235.685312
12.088889,40,235.866165
16.555556,40,236.045755
7.037143,40,236.228588
4.890124,40,236.411776
2.214288,40,236.592049
4.288889,40,236.774524
8.4,40,236.953871
6.997557,40,237.132679
8.355556,40,237.311336
13.155556,40,237.493202
1.444444,40,237.670635
7.688889,40,237.851357
9.266667,40,238.030462
5.717038,40,238.21455
4.403103,40,238.395342
6.244444,40,238.579433
10.311111,40,238.758981
15.091972,40,238.941158
7.0,40,239.121314
3.555556,40,239.301607
0.666667,40,239.481208
10.677079,40,239.664222
9.266667,40,239.846615
15.688889,40,240.02837
19.022222,40,240.208226
18.155556,40,240.390613
5.658801,40,240.567868
2.8,40,240.748891
6.577778,40,240.931084
11.2,40,241.118867
12.533333,40,241.301071
18.777778,40,241.482896
9.377778,40,241.665155
9.222222,40,241.849042
11.6,40,242.033406
11.222222,40,242.214463
0.133936,5,242.240838
10.18082,40,242.422763
8.355556,40,242.603205
12.710299,40,242.782161
16.111111,40,242.965749
14.064472,40,243.149874
6.577778,40,243.332076
9.022222,40,243.515255
13.333333,40,243.699108
5.030943,40,243.880193
6.266667,40,244.058805
7.152589,40,244.239329
17.113348,40,244.418466
12.422222,40,244.603435
13.683003,40,244.784461
8.374541,40,244.966062
9.211359,40,245.146529
11.266667,40,245.327198
8.715079,40,245.505464
13.52237,40,245.686354
7.622222,40,245.867413
8.555556,40,246.046835
1.422222,40,246.228594
5.059779,40,246.627908
8.377778,40,246.811234
3.511111,40,246.994641
2.996429,40,247.178267
7.545894,40,247.359074
12.377778,40,247.536903
11.852654,40,247.714917
4.155556,40,247.898059
16.224545,40,248.080981
11.155556,40,248.260399
12.610641,40,248.444196
2.822222,40,248.622742
5.488889,40,248.801673
2.088889,40,248.982565
4.933333,40,249.164276
5.555556,40,249.347937
0.733333,40,249.528012
11.222222,40,249.706702
14.041647,40,249.885761
4.111111,40,250.066919
11.924507,40,250.246323
9.299803,40,250.430145
10.159969,40,250.615028
6.133333,40,250.794623
9.986369,40,250.974807
13.155556,40,251.155308
15.333387,40,251.335734
18.808928,40,251.515182
11.503673,40,251.700188
10.022222,40,251.882792
18.577778,40,252.065535
11.215198,40,252.247862
7.577778,40,252.427583
13.911111,40,252.60822
5.622222,40,252.787226
15.311111,40,252.966874
12.0,40,253.150141
17.368486,40,253.335909
0.711111,40,253.520807
4.888889,40,253.705414
11.777778,40,253.885642
11.622222,40,254.06645
9.888889,40,254.247992
16.777409,40,254.426643
2.822222,6,254.457327
1.422222,40,254.640869
12.444444,40,254.822516
16.632209,40,255.007452
9.137458,40,255.189135
15.133333,40,255.373464
14.066667,40,255.556496
18.288889,40,255.73737
6.333333,40,255.916704
9.87456,40,256.097269
14.711111,40,256.280126
8.007353,40,256.463546
8.266667,40,256.646738
2.688889,40,256.829358
9.838246,40,257.013632
1.424153,40,257.197825
11.933333,40,257.37935
12.0,40,257.55849
4.933333,40,257.739398
4.933333,40,257.915836
8.466667,40,258.0975
11.688889,40,258.278146
7.0,40,258.462056
11.288889,40,258.64392
18.288889,40,258.825547
4.888889,40,259.006538
10.512645,40,259.189725
18.155556,40,259.366329
11.0,40,259.54485
16.314954,40,259.728285
16.97591,40,259.914048
8.422222,40,260.09784
5.644444,40,260.277978
11.888889,40,260.458956
4.133333,40,260.641018
11.266667,40,260.825788
8.436397,40,261.007579
8.488816,40,261.187177
10.086533,40,261.369233
1.466667,40,261.553162
12.355556,40,261.735708
5.622222,40,261.918064
18.622222,40,262.104108
11.312046,40,262.288027
9.644444,40,262.465309
10.755556,40,262.646222
13.977778,40,262.830076
5.28959,40,263.011105
2.866667,40,263.195172
4.866667,40,263.375189
4.933333,40,263.556564
7.022222,40,263.735962
9.711111,40,263.918473
2.183181,40,264.098753
5.622222,40,264.281743
7.666667,40,264.463353
3.422222,40,264.644099
12.041014,40,264.826227
16.888889,40,265.005541
17.666667,40,265.187642
23.866667,40,265.587174
9.196628,40,265.768475
5.6,40,265.950153
15.720663,40,266.129524
9.916915,40,266.308646
11.844444,40,266.491293
1.4,40,266.670924
14.0,40,266.849211
0.688889,40,267.02797
16.022222,40,267.212337
12.777778,40,267.395612
7.022222,40,267.57663
6.294028,40,267.754694
6.985472,40,267.938556
13.635485,40,268.120791
11.266667,40,268.304244
5.839748,40,268.482855
8.311111,40,268.666013
15.622532,40,268.848744
13.977778,40,269.027212
12.8,40,269.207243
15.555556,40,269.389047
2.066667,40,269.572481
5.022222,40,269.756033
13.040248,40,269.939205
15.91959,40,270.123252
8.933333,40,270.301839
8.341366,40,270.482246
11.822222,40,270.66251
0.0,40,270.8403
16.777778,40,271.021178
10.755556,40,271.206633
7.155556,40,271.390432
13.866667,40,271.57539
9.338466,40,271.757449
7.042429,40,271.932403
13.2,40,272.116184
4.933333,40,272.296559
15.266667,40,272.476354
10.545921,40,272.657658
15.844444,40,272.838951
11.444444,40,273.023927
9.912566,40,273.208003
7.533333,40,273.394913
8.643056,40,273.577363
9.133333,40,273.757027
1.4,40,273.947086
14.355556,40,274.127967
12.16316,40,274.31081
21.044444,40,274.491576
12.977778,40,274.674957
15.377778,40,274.86013
11.145722,40,275.040953
9.088889,40,275.243855
8.955556,40,275.424937
10.533333,40,275.60699
7.258154,40,275.788877
12.377778,40,275.971479
9.644444,40,276.153925
9.95239,40,276.338875
11.124093,40,276.520605
6.911111,40,276.70121
12.555556,40,276.903545
19.069355,40,277.09159
18.644444,40,277.280383
12.780738,40,277.458247
11.25419,40,277.644199
12.157124,40,277.82467
6.977778,40,278.006344
18.155556,40,278.184371
12.488889,40,278.364476
2.177778,40,278.545084
9.155556,40,278.729376
9.857511,40,278.915687
13.955556,40,279.102021
14.844444,40,279.289299
4.296368,40,279.472478
13.355556,40,279.65627
21.244444,40,279.842838
7.488889,40,280.022656
16.688889,40,280.202785
13.182719,40,280.384613
17.422222,40,280.567856
15.377778,40,280.749468
3.962224,40,280.936196
13.311111,40,281.118145
19.822222,40,281.297221
0.0,40,281.478737
12.955556,40,281.661457
9.933333,40,281.844744
10.688889,40,282.026377
7.044444,40,282.205731
0.767171,40,282.386304
14.488239,40,282.567578
18.381841,40,282.752287
9.644444,40,282.932679
10.377778,40,283.114568
4.809244,40,283.298635
11.8,40,283.481551
9.073638,40,283.662795
11.688889,40,283.841082
7.022757,40,284.019585
5.711111,40,284.416571
16.129239,40,284.599198
9.955556,40,284.782957
11.911111,40,284.962507
9.337456,40,285.142928
6.281493,40,285.325553
8.977778,40,285.509884
6.676967,40,285.692446
20.48907,40,285.875534
11.155556,40,286.054751
1.4,40,286.238184
11.222222,40,286.419939
9.476648,40,286.607333
13.066667,40,286.790598
7.091797,40,286.974961
17.177778,40,287.158241
9.488889,40,287.341657
11.028971,40,287.518273
13.664777,40,287.696739
10.6,40,287.874954
15.925852,40,288.063192
12.822222,40,288.247936
17.333333,40,288.428181
6.36246,40,288.60821
9.303607,40,288.789681
4.2,40,288.989476
10.924508,40,289.173341
10.646865,40,289.356697
10.444444,40,289.541244
7.666667,40,289.718406
7.666667,40,289.900365
7.884212,40,290.086123
4.222222,40,290.269836
10.711111,40,290.452037
11.688889,40,290.638814
11.777778,40,290.822056
11.269273,40,291.003943
18.266667,40,291.194842
16.2,40,291.387373
7.807008,40,291.580689
11.253129,40,291.767078
10.134852,40,291.957097
8.577778,40,292.140919
6.955556,40,292.327952
12.003925,40,292.508872
4.866667,40,292.696999
15.955556,40,292.878101
14.533333,40,293.057318
19.084807,40,293.239414
4.8,40,293.418655
11.911111,40,293.600721
9.755556,40,293.793546
6.733333,40,293.974453
17.422222,40,294.157409
1.444444,40,294.338921
10.311111,40,294.515843
17.155556,40,294.698412
7.7387,40,294.881619
4.888889,40,295.06128
13.111111,40,295.243764
24.177778,40,295.42279
10.188076,40,295.604022
18.355556,40,295.780575
0.0,40,295.962978
13.711111,40,296.144914
10.006736,40,296.32615
14.044444,40,296.508396
13.8,40,296.687225
7.733333,40,296.867937
9.82647,40,297.045206
14.111111,40,297.227881
7.777778,40,297.409816
13.355556,40,297.594979
13.377778,40,297.777163
13.287189,40,297.959267
7.262427,40,298.1388
14.044444,40,298.315606
8.444444,40,298.493656
4.888889,40,298.676858
0.711111,40,298.859348
7.842606,40,299.042111
11.839851,40,299.224228
12.755556,40,299.401495
22.186925,40,299.583589
15.644444,40,299.764623
13.466932,40,299.947464
8.533333,40,300.128824
3.555556,40,300.311884
22.511111,40,300.493062
12.555556,40,300.677748
12.644444,40,300.857051
16.066667,40,301.052018
6.266667,40,301.238256
16.777778,40,301.42231
16.933333,40,301.60712
15.244444,40,301.787684
14.88888,40,301.970807
16.222222,40,302.158967
9.266667,40,302.345916
5.622222,40,302.529417
6.977778,40,302.709971
6.977778,40,302.890721
14.044444,40,303.287503
20.311111,40,303.472745
14.334429,40,303.652598
15.519479,40,303.835129
21.956493,40,304.015942
5.111353,40,304.199746
7.894334,40,304.380591
2.755556,40,304.563083
17.733333,40,304.742202
22.019311,40,304.922517
2.822222,40,305.102327
9.867015,40,305.284751
17.043625,40,305.464029
8.422222,40,305.648468
9.866667,40,305.831774
9.888889,40,306.010778
10.733333,40,306.192305
8.955556,40,306.375436
22.688889,40,306.557234
9.822222,40,306.738119
11.088889,40,306.917877
13.0,40,307.099077
10.421249,40,307.281882
10.422222,40,307.463865
13.466667,40,307.643967
11.298293,40,307.825143
21.6,40,308.002618
23.622222,40,308.183186
6.911111,40,308.362866
4.946248,40,308.545079
11.288889,40,308.728506
19.622222,40,308.913143
5.650618,40,309.096423
6.622222,40,309.277719
10.4,40,309.457748
9.439851,40,309.636247
15.911111,40,309.819444
14.777778,40,310.001487
18.177778,40,310.180785
15.333333,40,310.364705
1.355556,40,310.548297
16.911111,40,310.728366
4.066667,40,310.908412
5.515154,40,311.08902
3.583592,40,311.272523
12.493765,40,311.452921
0.0,40,311.633281
10.368173,40,311.813982
14.955556,40,311.993642
16.622222,40,312.176484
6.425767,40,312.357217
13.933333,40,312.538619
11.844444,40,312.720353
10.56714,40,312.905496
24.244444,40,313.089046
18.088889,40,313.266316
16.248454,40,313.447884
2.155556,40,313.624907
4.177778,40,313.806163
10.60497,40,313.988744
13.960077,40,314.165141
17.044444,40,314.346627
16.781022,40,314.530199
9.244444,40,314.708424
7.888889,40,314.889269
17.133333,40,315.071019
2.088889,40,315.250861
18.377778,40,315.433439
12.044444,40,315.614119
2.733333,40,315.796474
6.888889,40,315.976886
9.266667,40,316.157979
12.577778,40,316.33844
16.704423,40,316.518578
16.888889,40,316.700284
7.711111,40,316.879983
20.4,40,317.062804
14.820346,40,317.242851
3.555556,40,317.42755
3.488889,40,317.608129
13.051842,40,317.789695
7.666667,40,317.972455
9.666667,40,318.150476
11.102745,40,318.329745
11.177778,40,318.510903
9.919289,40,318.694052
12.933333,40,318.876335
12.341438,40,319.055199
11.911111,40,319.237362
18.044444,40,319.416382
10.711111,40,319.601261
17.679239,40,319.784694
12.022222,40,319.980046
14.022222,40,320.161609
12.555556,40,320.342451
22.066667,40,320.528705
19.416251,40,320.713424
24.288889,40,320.892599
15.444444,40,321.091232
16.2,40,321.277675
0.0,40,321.465388
13.911111,40,321.648026
13.441167,40,321.833612
11.711111,40,322.226487
12.533333,40,322.407034
5.622222,40,322.587719
4.244444,40,322.800022
16.511111,40,322.982294
10.644444,40,323.17028
10.488889,40,323.35844
7.676672,40,323.541581
1.888889,40,323.726238
10.57804,40,323.912907
16.622222,40,324.103626
10.131914,40,324.293498
2.844444,40,324.481543
7.133333,40,324.673571
13.511111,40,324.860123
13.394269,40,325.042396
12.133333,40,325.226554
10.539079,40,325.408453
7.755556,40,325.593727
15.422222,40,325.776789
3.550233,40,325.960178
5.755556,40,326.142299
6.655647,40,326.325606
14.044444,40,326.504843
17.682127,40,326.688407
13.933333,40,326.871163
13.400947,40,327.054649
22.488889,40,327.239518
17.458641,40,327.421169
9.044444,40,327.600595
16.4,40,327.784105
7.0,40,327.964205
6.911111,40,328.149651
26.555556,40,328.331128
15.8,40,328.511485
17.333333,40,328.69369
16.814351,40,328.872114
7.111111,40,329.058636
21.355556,40,329.246391
12.555556,40,329.435763
10.007976,40,329.617698
12.720596,40,329.79707
4.964769,40,329.979014
9.244444,40,330.166161
11.568877,40,330.349641
15.444444,40,330.534411
11.308783,40,330.71694
14.037033,40,330.899514
16.12523,40,331.080521
25.0,40,331.260359
18.244444,40,331.442801
13.390685,40,331.62919
2.822222,40,331.809167
13.466667,40,331.990447
24.436174,40,332.174394
11.411772,40,332.36142
7.721874,40,332.549871
12.511111,40,332.73022
13.558149,40,332.912115
10.92109,40,333.094892
16.8,40,333.278693
17.847,40,333.462726
5.672345,40,333.647992
12.711111,40,333.830737
9.111111,40,334.015713
3.577778,40,334.198227
17.4,40,334.378685
11.288889,40,334.569503
14.022222,40,334.749367
0.666667,40,334.933045
14.422222,40,335.12979
8.555556,40,335.333007
6.279641,40,335.520692
17.948371,40,335.703812
13.444444,40,335.883964
14.777778,40,336.106219
10.514887,40,336.295298
6.333333,40,336.478989
12.774082,40,336.717735
13.849999,40,336.899201
16.738562,40,337.080965
13.4,40,337.266873
10.622222,40,337.452307
12.422222,40,337.631813
4.155556,40,337.813177
12.288889,40,337.995353
17.466667,40,338.174902
14.331641,40,338.359832
12.777778,40,338.563577
9.155556,40,338.744233
15.4,40,338.928726
15.05221,40,339.126922
21.111111,40,339.321681
6.4,40,339.508967
17.999638,40,339.748348
9.644444,40,340.010147
8.305192,40,340.190851
10.333333,40,340.379716
18.155556,40,340.562555
15.890953,40,340.749281
16.0,40,340.931479
22.933333,40,341.1101
11.911111,40,341.50961
7.088889,40,341.686251
11.119301,40,341.867355
13.844444,40,342.048381
13.898626,40,342.228966
11.155556,40,342.410274
0.866035,40,342.591703
9.355556,40,342.769595
16.844444,40,342.949131
3.582618,40,343.130609
10.377778,40,343.313435
12.666667,40,343.495465
17.488889,40,343.680019
1.422222,40,343.864337
2.8,40,344.050638
12.488889,40,344.235316
12.071017,40,344.416581
25.755556,40,344.59478
9.268849,40,344.775905
16.155556,40,344.957162
8.714386,40,345.140533
13.244444,40,345.326293
12.0,40,345.510264
2.8,40,345.698528
17.477546,40,345.882456
18.488889,40,346.06582
21.044444,40,346.244734
10.433148,40,346.425862
19.0,40,346.606666
5.644444,40,346.785476
8.288889,40,346.964613
9.622222,40,347.14894
8.492576,40,347.329038
9.360466,40,347.588313
11.711111,40,347.801196
3.155556,40,347.999368
10.333333,40,348.213316
16.353865,40,348.417242
10.377778,40,348.615158
14.488889,40,348.817702
9.267572,40,349.022205
19.777778,40,349.230385
6.866667,40,349.441494
23.244444,40,349.628925
18.204913,40,349.819868
11.222222,40,350.008764
23.8,40,350.198461
6.932323,40,350.382962
2.8,40,350.567707
12.688889,40,350.75008
21.324877,40,350.935534
16.777778,40,351.120105
17.377778,40,351.324136
9.111111,40,351.526582
9.777778,40,351.718119
6.198013,40,351.915219
7.888889,40,352.109638
4.222222,40,352.326388
26.0,40,352.543005
21.798232,40,352.814346
16.4,40,353.280389
7.033726,40,354.306898
2.288517,40,355.250898
24.410388,40,355.649865
18.827357,40,355.896951
7.066667,40,356.204307
14.345755,40,356.778475
12.6,40,357.032496
11.266667,40,357.23196
9.400389,40,357.64864
7.90868,40,357.929716
15.488889,40,358.185737
11.926634,40,358.494405
23.466667,40,358.688577
20.577778,40,358.870222
21.066667,40,359.05044
15.4,40,359.228999
12.622222,40,359.406863
15.468249,40,359.594066
8.383665,40,359.786514
14.957329,40,359.978852
13.256226,40,360.164239
11.244444,40,360.346437
13.377778,40,360.529355
12.187836,40,360.751805
7.908676,40,360.938646
5.755556,40,361.121853
19.088889,40,361.305001
19.244444,40,361.501372
8.333333,40,361.686546
17.422222,40,361.871318
16.941007,40,362.05301
4.044444,40,362.252193
1.174864,2,362.264392
13.6,40,362.450631
12.088889,40,362.6355
20.825313,40,362.819183
4.333333,40,362.997787
13.288889,40,363.181763
10.422222,40,363.366127
21.577778,40,363.549892
17.977778,40,363.732801
9.044444,40,363.915736
16.177778,40,364.100829
23.822222,40,364.50383
10.533333,40,364.690416
3.933333,40,364.869232
14.555556,40,365.060388
16.266667,40,365.241399
18.733333,40,365.424217
14.622222,40,365.603132
14.155556,40,365.785091
13.222222,40,365.970142
18.466667,40,366.153534
5.711111,40,366.336701
11.844444,40,366.518743
9.246732,40,366.700585
9.101581,40,366.881048
17.61554,40,367.060781
15.387099,40,367.241389
10.35513,40,367.422118
9.044444,40,367.605865
8.777778,40,367.786285
15.266667,40,367.968042
16.044444,40,368.148854
17.377778,40,368.329312
9.155556,40,368.51047
17.752806,40,368.690372
10.355556,40,368.870306
20.222222,40,369.053514
20.666667,40,369.239093
8.988564,40,369.420672
2.733333,40,369.602349
7.688889,40,369.782275
17.825215,40,369.962819
13.177778,40,370.153672
18.933333,40,370.334967
9.156019,40,370.517126
14.6,40,370.697165
13.844444,40,370.875399
7.582113,40,371.057949
13.210975,40,371.244123
13.977778,40,371.425639
9.733333,40,371.607579
7.792402,40,371.790696
5.815141,40,371.971689
15.177778,40,372.149704
12.022222,40,372.328305
21.377778,40,372.509548
12.823066,40,372.693311
13.850063,40,372.883199
12.666667,40,373.063893
11.113437,40,373.246798
9.30553,40,373.426097
8.511111,40,373.608716
8.422222,40,373.78975
11.905735,40,373.974146
11.174492,40,374.15773
23.155556,40,374.340494
15.933333,40,374.522037
11.822222,40,374.701868
11.35972,40,374.882958
24.933333,40,375.064124
16.822222,40,375.250282
10.015164,40,375.434657
9.778944,40,375.616976
19.6,40,375.796514
14.2,40,375.979256
17.589705,40,376.16184
12.771252,40,376.34204
12.354208,40,376.527276
5.6,40,376.710335
8.577778,40,376.89247
13.466667,40,377.073716
3.488889,40,377.295473
13.911111,40,377.617316
18.288889,40,377.840935
8.488889,40,378.027724
4.300744,40,378.214382
19.626932,40,378.402861
13.822222,40,378.584687
18.927257,40,378.767695
6.422222,40,378.94973
11.755556,40,379.13277
16.133333,40,379.317735
22.961791,40,379.560058
10.644444,40,379.926696
9.866667,40,380.26537
10.452697,40,380.632953
13.222222,40,380.907716
9.311111,40,381.175565
7.844444,40,381.375969
8.355556,40,381.568062
13.111111,40,381.75372
9.222222,40,381.952262
11.644444,40,382.136767
19.888889,40,382.32226
8.288889,40,382.504997
16.933333,40,382.683852
19.795675,40,382.866277
15.422222,40,383.049883
16.975925,40,383.234287
7.8,40,383.414466
13.133333,40,383.657348
9.111111,40,383.96576
1.444444,40,384.437363
9.880905,40,385.006424
11.6,40,385.198438
24.877173,40,385.385871
14.655246,40,385.584437
12.608373,40,385.76549
20.4,40,385.952439
19.622222,40,386.169726
17.128434,40,386.355299
5.533333,40,386.576903
18.255821,40,386.761299
17.617944,40,386.948895
20.288889,40,387.134131
13.372397,40,387.323798
15.629084,40,387.507768
12.901733,40,387.688551
12.066667,40,387.87199
12.63331,40,388.078572
15.311111,40,388.359798
10.466667,40,388.542813
13.977778,40,388.727325
20.266667,40,388.913777
13.674501,40,389.101229
19.244444,40,389.282463
7.733333,40,389.461637
18.488889,40,389.645832
9.216487,40,389.830939
23.755556,40,390.01329
13.586062,40,390.195846
14.363946,40,390.373935
9.133333,40,390.555022
16.733333,40,390.734149
15.808717,40,390.915796
3.8,40,391.096349
6.444444,40,391.273593
17.422222,40,391.455661
20.466667,40,391.639445
16.222222,40,391.820654
14.180447,40,392.005713
10.711111,40,392.187983
20.866667,40,392.366764
19.111111,40,392.547063
18.752875,40,392.728737
10.096401,40,392.911247
5.733333,40,393.094367
17.444444,40,393.276023
18.783286,40,393.458067
12.511111,40,393.643063
14.555556,40,393.824518
24.111111,40,394.008408
16.19291,40,394.192422
19.555556,40,394.376631
16.066667,40,394.55766
9.111111,40,394.739441
14.304701,40,394.926386
14.555556,40,395.112023
19.788189,40,395.296855
18.066667,40,395.480645
16.755556,40,395.665788
20.933333,40,395.846872
13.8,40,396.027993
2.111111,40,396.205656
12.577778,40,396.385619
14.095,40,396.565888
17.066667,40,396.745716
14.772531,40,396.927849
11.3705,40,397.107138
10.133333,40,397.293034
12.466667,40,397.474448
16.940579,40,397.653399
18.720743,40,397.830782
19.622222,40,398.012497
14.651708,40,398.197059
4.977778,40,398.383058
19.022222,40,398.566022
10.488889,40,398.749746
6.2,40,398.924892
6.8,40,399.10588
13.288889,40,399.284642
16.2,40,399.464413
7.022222,40,399.64883
20.47515,40,399.833233
13.0,40,400.013255
16.133333,40,400.194069
16.022222,40,400.374289
16.921916,40,400.556686
9.380073,40,400.735437
19.133333,40,400.914543
14.093232,40,401.098332
21.196696,40,401.280157
5.533333,40,401.462825
13.4,40,401.648414
9.866667,40,401.831696
23.022222,40,402.012051
11.844444,40,402.188652
9.839043,40,402.370867
18.288889,40,402.551082
16.955556,40,402.730477
7.335097,40,402.918146
4.622222,40,403.101934
8.768811,40,403.285616
21.711111,40,403.470419
13.757051,40,403.657221
19.622222,40,404.06254
18.933333,40,404.30238
17.488889,40,404.644197
24.288889,40,404.880556
16.533333,40,405.072848
15.578902,40,405.293264
23.022222,40,405.482078
16.777778,40,405.668799
18.933333,40,405.854242
15.644444,40,406.037302
11.804031,40,406.216289
19.808177,40,406.401228
12.622222,40,406.60096
19.911111,40,406.809929
15.631335,40,407.013801
12.666667,40,407.199755
14.861001,40,407.388267
20.977778,40,407.571821
20.755556,40,407.754979
18.155556,40,407.939897
19.111111,40,408.138562
15.511111,40,408.326878
16.688889,40,408.509234
10.488889,40,408.693584
11.355556,40,408.876894
17.45878,40,409.057875
10.384297,40,409.245572
16.711111,40,409.434362
21.488889,40,409.61849
7.773201,40,409.841618
13.088889,40,410.024524
6.4,40,410.205255
10.932498,40,410.389296
7.688889,40,410.603185
5.022222,40,410.783107
25.333333,40,410.971236
14.236358,40,411.157772
18.244444,40,411.339793
19.943638,40,411.521839
13.155556,40,411.702709
17.577778,40,411.887519
7.850361,40,412.068028
7.65428,40,412.24787
16.88596,40,412.43016
16.6,40,412.617868
9.955556,40,412.802593
16.2,40,412.986661
18.938839,40,413.164846
18.155556,40,413.345251
13.93189,40,413.523661
11.304514,40,413.70244
7.804167,40,413.882861
22.888889,40,414.067759
10.488889,40,414.251165
12.863241,40,414.432693
12.666667,40,414.619861
12.177778,40,414.803447
13.27421,40,414.988131
13.933333,40,415.176552
19.244444,40,415.376612
13.311111,40,415.557902
12.028027,40,415.743299
8.456217,40,415.924028
22.155556,40,416.107026
24.363369,40,416.291355
10.577778,40,416.473525
14.28546,40,416.6575
10.764669,40,416.840182
12.044444,40,417.024932
8.0,40,417.206866
16.933333,40,417.385307
20.912463,40,417.563905
17.444444,40,417.744757
16.755888,40,417.925203
15.933333,40,418.109158
14.066667,40,418.293253
18.127415,40,418.478649
20.42474,40,418.661592
16.066667,40,418.845495
8.355556,40,419.030008
4.933333,40,419.210725
23.511111,40,419.392601
20.4,40,419.573394
12.577778,40,419.755543
24.8,40,419.93973
8.466667,40,420.124459
20.977778,40,420.31008
13.205758,40,420.488117
17.955556,40,420.668583
10.888889,40,420.853389
15.244444,40,421.036346
21.644444,40,421.222804
10.6,40,421.403244
4.933333,40,421.585793
16.333333,40,421.766971
11.311111,40,421.945748
12.6,40,422.124834
18.377778,40,422.308824
24.355556,40,422.490617
10.738528,40,422.670394
9.4887,40,422.851274
13.2,40,423.029205
23.012413,40,423.211278
14.479722,40,423.602309
15.977778,40,423.784556
9.022222,40,423.967718
24.8,40,424.154595
5.629107,40,424.335576
15.333333,40,424.516143
12.666667,40,424.700628
14.955556,40,424.882655
19.205676,40,425.064861
19.755556,40,425.245927
18.377778,40,425.427851
14.6,40,425.60911
17.022222,40,425.788402
17.774588,40,425.975769
22.644444,40,426.160583
14.688889,40,426.340895
17.644444,40,426.526029
20.355556,40,426.709093
6.295523,40,426.890992
3.087278,40,427.073213
17.615662,40,427.252547
20.81789,40,427.432898
11.312328,40,427.616397
17.466667,40,427.802134
19.755556,40,427.985775
13.558233,40,428.167981
8.4,40,428.346789
5.0,40,428.527755
16.350417,40,428.70566
7.239329,40,428.885849
13.333333,40,429.072802
15.866667,40,429.259102
3.511111,40,429.456183
13.706618,40,429.640056
4.963855,40,429.821539
16.155556,40,430.004968
21.20672,40,430.211135
17.594672,40,430.401511
14.706098,40,430.627814
21.259137,40,430.845303
19.666667,40,431.049063
20.938046,40,431.241408
9.244444,40,431.42633
9.177778,40,431.608394
16.933333,40,431.796377
15.155556,40,431.97797
19.014933,40,432.163897
18.193287,40,432.350147
17.493337,40,432.537074
13.753208,40,432.737924
20.888889,40,432.924071
10.728243,40,433.108171
17.505855,40,433.294003
21.000809,40,433.480348
9.955556,40,433.661864
22.680054,40,433.870946
11.955556,40,434.060327
16.022222,40,434.246155
18.133333,40,434.452778
11.777778,40,434.634482
8.355556,40,434.8157
10.634568,40,434.99906
0.666667,40,435.182593
17.977778,40,435.411449
21.022222,40,435.6008
28.859763,40,435.785558
16.111111,40,436.011564
19.514974,40,436.262407
9.222222,40,436.484878
9.625247,40,436.691695
20.4,40,436.885347
19.266667,40,437.071606
12.522779,40,437.276866
16.911111,40,437.556883
22.8,40,437.839109
14.155195,40,438.0326
15.59052,40,438.216672
11.288889,40,438.423548
16.8,40,438.610922
4.050092,40,438.793044
12.711111,40,438.98874
9.872078,40,439.218319
20.40092,40,439.428546
13.911111,40,439.619727
12.022222,40,439.818848
18.215792,40,440.030701
18.155556,40,440.225341
25.93492,40,440.412079
18.355556,40,440.593417
14.8,40,440.803493
13.985312,40,440.988157
21.177778,40,441.175312
10.4,40,441.36218
17.044444,40,441.546829
17.577778,40,441.759924
5.644444,40,441.948952
13.344835,40,442.133252
7.806241,40,442.321571
13.244444,40,442.523852
22.533333,40,442.704512
22.288889,40,442.91274
13.2,40,443.099876
26.777778,40,443.540752
20.155556,40,443.729138
17.395016,40,443.910793
14.574891,40,444.101249
15.111111,40,444.282857
11.337137,40,444.495844
13.222222,40,444.683699
24.755556,40,444.869507
16.0,40,445.072528
22.955556,40,445.260877
17.238767,40,445.440209
21.511111,40,445.626197
12.022222,40,445.811106
19.711111,40,445.991459
11.977778,40,446.174297
21.911111,40,446.357834
17.392327,40,446.539925
18.532292,40,446.719443
12.547405,40,446.899095
4.222222,40,447.082916
16.022222,40,447.266731
17.937324,40,447.448823
3.577778,40,447.633629
13.333333,40,447.816513
21.133333,40,448.0017
15.67053,40,448.189022
16.888889,40,448.367074
18.822222,40,448.547932
9.209832,40,448.728565
12.209902,40,448.907056
18.866699,40,449.088012
13.866667,40,449.268989
13.2,40,449.452425
7.6,40,449.633752
18.466667,40,449.818903
16.444444,40,450.005107
6.955556,40,450.189466
21.222222,40,450.37546
20.422222,40,450.562109
24.044444,40,450.746364
18.822222,40,450.926247
24.955556,40,451.117761
17.911111,40,451.297202
25.4,40,451.483359
20.869615,40,451.664927
12.644444,40,451.847818
24.688889,40,452.031925
18.444444,40,452.21555
17.966695,40,452.400789
14.822222,40,452.580295
16.031046,40,452.76468
18.111111,40,452.946954
7.577778,40,453.132618
12.533333,40,453.345072
0.688889,40,453.527206
23.422222,40,453.711641
10.564565,40,453.899898
9.667802,40,454.075755
11.311111,40,454.255961
16.843308,40,454.438969
17.866667,40,454.621995
18.35144,40,454.80631
7.6,40,454.988772
17.155556,40,455.169578
25.733333,40,455.351471
21.8,40,455.535081
20.40502,40,455.71731
13.398498,40,455.89902
24.308777,40,456.08015
2.133333,40,456.26565
21.733333,40,456.45197
8.4,40,456.632813
17.8,40,456.816036
27.266667,40,457.002961
12.176056,40,457.182416
20.955556,40,457.365909
14.266667,40,457.548883
23.711111,40,457.740287
17.729685,40,457.920823
21.848674,40,458.107198
14.047161,40,458.292514
13.415847,40,458.474746
14.333333,40,458.655764
18.444444,40,458.838556
18.911111,40,459.020832
19.822222,40,459.20323
18.844444,40,459.38702
13.222222,40,459.57154
18.022222,40,459.758953
23.733333,40,459.954771
12.066667,40,460.138713
19.066667,40,460.321821
19.358476,40,460.506433
13.226567,40,460.688141
14.0,40,460.873448
8.642832,40,461.054755
14.222222,40,461.235585
21.2,40,461.418548
21.244444,40,461.603028
18.911111,40,461.784931
21.38233,40,461.964947
14.688889,40,462.14721
18.466667,40,462.330413
12.222222,40,462.721577
22.177778,40,462.901581
22.577778,40,463.088745
17.866667,40,463.285671
23.936104,40,463.47113
22.2,40,463.656085
21.044444,40,463.841694
21.911111,40,464.024053
10.488889,40,464.205866
19.777778,40,464.384136
4.2,40,464.562341
11.321098,40,464.745662
16.155556,40,464.930383
19.044444,40,465.120678
20.177778,40,465.307112
19.244444,40,465.50234
21.706981,40,465.685442
8.355556,40,465.866234
21.6,40,466.047927
14.0,40,466.235559
8.933333,40,466.419996
13.581601,40,466.601539
12.711111,40,466.783829
15.420365,40,466.96465
15.355556,40,467.146135
20.222222,40,467.327616
24.666667,40,467.511554
24.266667,40,467.691749
15.111661,40,467.872134
11.222222,40,468.054067
20.177778,40,468.254755
17.006344,40,468.437594
10.177778,40,468.620536
15.688889,40,468.802631
22.088889,40,468.985013
18.927978,40,469.168846
21.577778,40,469.351013
9.222222,40,469.543215
5.6,40,469.72609
15.587599,40,469.909726
21.044444,40,470.094004
10.466667,40,470.278002
21.177778,40,470.462521
19.577778,40,470.643724
12.10585,40,470.835774
13.722929,40,471.020119
19.444444,40,471.204294
17.644444,40,471.39035
18.933333,40,471.574627
24.822222,40,471.756285
18.492079,40,471.936468
7.866667,40,472.12256
19.666667,40,472.302233
19.977778,40,472.486976
9.733333,40,472.666883
15.886452,40,472.846388
11.8,40,473.029331
22.422222,40,473.214312
19.022222,40,473.396216
10.422222,40,473.577873
19.644444,40,473.772027
16.569123,40,473.954974
19.466667,40,474.133533
11.888889,40,474.316326
8.77275,40,474.496993
23.577778,40,474.684582
18.733333,40,474.921821
17.511111,40,475.102374
8.854178,40,475.278329
11.2,40,475.456222
10.741729,40,475.636281
12.624661,40,475.817657
19.177778,40,475.998417
22.311111,40,476.18391
10.333333,40,476.368957
19.155556,40,476.564796
8.355556,40,476.742707
12.511111,40,476.92182
23.244444,40,477.10317
9.155556,40,477.286715
20.908186,40,477.467531
8.377778,40,477.650905
15.896311,40,477.828859
9.8,40,478.005563
16.688889,40,478.188081
19.666667,40,478.372557
8.0067,40,478.557777
22.333333,40,478.73807
17.536006,40,478.917371
13.133333,40,479.093967
10.488889,40,479.269936
14.777778,40,479.449232
18.155556,40,479.628217
18.967253,40,479.808455
23.733333,40,479.992282
13.333333,40,480.175421
2.066667,40,480.359866
10.466667,40,480.539127
16.977778,40,480.718477
15.855321,40,480.898977
17.111111,40,481.084129
10.901753,40,481.27187
12.688889,40,481.665758
9.783489,40,481.852563
19.433404,40,482.037138
11.988814,40,482.217113
11.755556,40,482.405242
17.4,40,482.592967
17.866667,40,482.780829
19.444444,40,482.992817
17.111111,40,483.179402
21.044924,40,483.365791
18.044444,40,483.547558
13.719565,40,483.728048
18.377778,40,483.912006
25.144023,40,484.102843
24.11496,40,484.290754
7.005559,40,484.469511
7.792437,40,484.647023
13.37275,40,484.828551
14.686427,40,485.010082
18.511111,40,485.207692
14.244444,40,485.389368
6.410962,40,485.57274
15.444444,40,485.757815
10.288889,40,485.937395
14.54107,40,486.116844
20.412136,40,486.300591
8.488889,40,486.481197
23.0,40,486.663359
20.972503,40,486.846756
25.177778,40,487.029921
14.822222,40,487.222875
23.488889,40,487.411625
18.355556,40,487.59667
19.110677,40,487.779274
9.066667,40,487.960908
10.311111,40,488.141535
7.711111,40,488.32456
17.444444,40,488.507083
21.066667,40,488.689672
13.590447,40,488.868322
11.078318,40,489.052405
4.155556,40,489.233446
12.955556,40,489.414108
11.777778,40,489.596685
19.622222,40,489.792738
11.777778,40,489.971962
9.755556,40,490.157284
14.711111,40,490.342735
18.733606,40,490.527625
12.511111,40,490.731058
20.155556,40,490.921788
21.829227,40,491.10557
11.81394,40,491.304471
12.844444,40,491.495596
21.666667,40,491.678088
12.946613,40,491.862145
11.844733,40,492.044409
19.088889,40,492.225293
20.355556,40,492.406066
25.822222,40,492.59058
19.644444,40,492.772468
21.711111,40,492.954367
24.466667,40,493.139775
13.8,40,493.3225
21.0,40,493.505138
14.102392,40,493.68724
13.373972,40,493.886951
18.022222,40,494.071024
20.444444,40,494.253607
20.836989,40,494.437807
18.844444,40,494.62319
20.4,40,494.80455
15.333333,40,494.986702
26.311111,40,495.166631
14.856874,40,495.34713
12.622222,40,495.528057
20.916057,40,495.723299
20.844444,40,495.906195
18.333333,40,496.087298
15.622222,40,496.264896
17.777778,40,496.447425
13.811546,40,496.630649
23.155556,40,496.812585
22.422222,40,496.997472
24.488889,40,497.184819
20.244444,40,497.364061
18.066667,40,497.547427
25.222222,40,497.732121
16.081255,40,497.914398
11.933333,40,498.11751
6.933333,40,498.302145
14.000805,40,498.487203
17.880044,40,498.673061
21.013074,40,498.855546
10.526898,40,499.035189
12.64556,40,499.217699
24.977778,40,499.401974
14.091156,40,499.601335
23.777778,40,499.803082
20.288889,40,500.007107
19.688889,40,500.192258
12.644444,40,500.375577
8.333333,40,500.772564
21.711111,40,500.95443
21.911111,40,501.134774
9.844444,40,501.315109
10.533333,40,501.49581
22.222222,40,501.677799
25.177778,40,501.860617
16.066667,40,502.048468
19.622222,40,502.235644
20.785016,40,502.41921
19.458461,40,502.610864
25.822222,40,502.788345
13.333333,40,502.970164
15.239266,40,503.149436
20.866667,40,503.331139
21.888889,40,503.513353
9.711111,40,503.69944
19.405777,40,503.882599
13.311111,40,504.067302
23.977778,40,504.253192
11.816772,40,504.44077
17.333333,40,504.665772
14.088889,40,504.852932
9.288889,40,505.036159
16.111111,40,505.219976
16.926386,40,505.408481
21.177778,40,505.591756
15.911111,40,505.791419
17.716039,40,505.975424
20.533333,40,506.157064
22.777778,40,506.336393
17.8,40,506.518434
15.511111,40,506.699224
21.088889,40,506.880556
7.755556,40,507.084304
9.177778,40,507.274809
13.266667,40,507.461663
20.155556,40,507.646481
20.407975,40,507.827532
14.0,40,508.006692
18.066667,40,508.201918
17.222222,40,508.385168
16.688889,40,508.565713
13.888889,40,508.747649
14.118916,40,508.928017
9.844444,40,509.10823
16.347483,40,509.293032
16.066667,40,509.475554
16.244444,40,509.661625
25.311111,40,509.843053
21.8,40,510.024504
21.688889,40,510.209081
9.133333,40,510.391816
23.8,40,510.57439
14.733333,40,510.773243
4.177778,40,510.955585
20.422222,40,511.136697
19.666667,40,511.342112
21.244444,40,511.527422
18.878824,40,511.710378
24.355556,40,511.9042
18.822222,40,512.086557
20.4,40,512.270489
8.288889,40,512.45363
15.648091,40,512.638488
20.888889,40,512.824203
20.577778,40,513.015264
15.681824,40,513.206503
16.577778,40,513.386194
20.266667,40,513.568733
21.50107,40,513.747921
13.911111,40,513.933337
24.733333,40,514.12072
21.266667,40,514.304923
18.688889,40,514.488869
13.355556,40,514.683903
18.511111,40,514.863781
20.555556,40,515.046244
16.155556,40,515.223464
23.2,40,515.402709
23.866667,40,515.581104
11.0,40,515.763549
9.8,40,515.946546
16.888889,40,516.131331
21.666667,40,516.315112
15.288889,40,516.494766
15.097376,40,516.676597
23.4,40,516.859542
3.85168,40,517.052457
16.955556,40,517.23314
19.028141,40,517.4149
22.488889,40,517.5998
16.755556,40,517.782539
18.777778,40,517.965379
8.381657,40,518.150447
0.0,40,518.331567
23.244444,40,518.514696
18.288363,40,518.695045
7.755556,40,518.879623
17.51439,40,519.065508
17.488889,40,519.252131
22.444444,40,519.435601
16.294928,40,519.617776
13.377778,40,520.015958
24.777778,40,520.211675
12.524933,40,520.396793
17.6,40,520.577832
11.355556,40,520.759479
16.022222,40,520.948638
14.111111,40,521.13146
13.844974,40,521.317279
26.288889,40,521.503128
25.977778,40,521.683672
13.301929,40,521.865447
19.604351,40,522.04776
25.444444,40,522.229115
18.349392,40,522.410524
12.46101,40,522.594158
23.896143,40,522.779141
24.373805,40,522.964058
16.977778,40,523.147181
21.822222,40,523.340054
11.218646,40,523.522925
14.733333,40,523.705928
15.870481,40,523.890705
16.57362,40,524.074434
22.088889,40,524.256763
11.888889,40,524.437518
9.793578,40,524.618612
1.422222,40,524.799809
10.037079,40,524.984062
12.822222,40,525.168073
22.044444,40,525.366987
13.777778,40,525.545561
23.467279,40,525.72516
20.120554,40,525.908282
24.313907,40,526.090904
12.6,40,526.273042
24.462758,40,526.45235
12.602749,40,526.634259
16.8,40,526.816224
17.903821,40,526.997138
19.504413,40,527.175336
18.589627,40,527.357211
20.555556,40,527.54157
14.622222,40,527.719191
17.4,40,527.89854
24.644444,40,528.077673
11.454106,40,528.258033
19.822222,40,528.445518
15.876787,40,528.626955
10.595156,40,528.81853
16.933333,40,529.001235
21.088889,40,529.18632
13.201163,40,529.371375
24.088889,40,529.551581
13.488889,40,529.734296
13.111111,40,529.91677
21.377778,40,530.099271
21.177778,40,530.283613
22.933333,40,530.468451
15.111111,40,530.653755
25.222222,40,530.836575
19.444444,40,531.022387
13.866667,40,531.206518
14.711111,40,531.388859
11.861463,40,531.589561
20.777778,40,531.770449
12.022751,40,531.953162
14.022222,40,532.134058
25.808598,40,532.314044
16.933333,40,532.497552
19.733333,40,532.681388
23.733333,40,532.865445
12.80628,40,533.049259
19.444444,40,533.23276
18.333333,40,533.418612
20.377778,40,533.600696
16.937796,40,533.787286
21.270045,40,533.971951
17.866667,40,534.155688
16.918687,40,534.341836
16.0,40,534.524302
7.086045,40,534.705893
24.211994,40,534.902467
17.111111,40,535.086409
7.955556,40,535.270291
18.133333,40,535.453961
12.2899,40,535.636624
18.577778,40,535.820113
18.266667,40,535.999365
16.533333,40,536.179722
21.731268,40,536.368861
13.444444,40,536.551559
17.392404,40,536.735294
11.288889,40,536.917138
17.666667,40,537.096804
19.622222,40,537.277907
26.619655,40,537.457844
18.822222,40,537.639823
21.333333,40,537.818232
20.49752,40,538.001543
20.111111,40,538.183681
24.288889,40,538.369654
13.997716,40,538.555212
23.143346,40,538.950051
19.755856,40,539.133638
22.299022,40,539.314638
11.458799,40,539.498937
11.311111,40,539.69068
16.888889,40,539.875477
19.377778,40,540.057476
11.222222,40,540.237237
15.377778,40,540.416994
9.883291,40,540.596591
18.355556,40,540.77872
22.266667,40,540.964253
25.288889,40,541.150033
23.8,40,541.335405
14.822222,40,541.518798
11.911111,40,541.700738
22.288889,40,541.882964
16.4,40,542.063403
18.644444,40,542.249089
22.022222,40,542.432255
11.631564,40,542.615361
15.576494,40,542.810891
18.755556,40,542.995105
15.133333,40,543.177183
22.488889,40,543.357665
10.666667,40,543.540089
20.4,40,543.722875
20.377778,40,543.905906
6.466667,40,544.10402
15.244444,40,544.287196
22.373224,40,544.472189
15.768611,40,544.655355
24.422222,40,544.835776
14.904356,40,545.017106
20.856932,40,545.198976
22.266667,40,545.379525
19.052083,40,545.559041
21.511111,40,545.743623
18.833741,40,545.929493
14.044444,40,546.113726
23.022222,40,546.297594
8.229181,40,546.487576
16.822222,40,546.673188
15.288889,40,546.857174
20.133333,40,547.059043
16.888889,40,547.240189
12.688889,40,547.422005
11.4,40,547.611252
21.222222,40,547.793878
12.666667,40,547.975139
16.816825,40,548.157379
23.111111,40,548.344696
23.155556,40,548.526254
9.169972,40,548.708495
9.155556,40,548.889406
19.4,40,549.072033
18.8,40,549.25886
18.060959,40,549.441265
21.323812,40,549.625226
22.283046,40,549.807592
24.660203,40,549.988612
15.442396,40,550.172196
16.977778,40,550.354139
24.733333,40,550.537672
17.411716,40,550.719001
19.4,40,550.899145
24.288889,40,551.0965
18.766892,40,551.276863
20.333333,40,551.459458
12.329309,40,551.645399
21.355556,40,551.83018
19.52567,40,552.014603
14.488889,40,552.195908
18.969872,40,552.374428
5.889541,40,552.55486
16.323359,40,552.737136
27.666667,40,552.924584
17.873094,40,553.107907
1.444444,40,553.292246
6.222222,40,553.475802
22.086265,40,553.655005
19.644444,40,553.836463
18.422222,40,554.01896
7.644444,40,554.201408
22.111111,40,554.384496
24.2,40,554.567393
22.222222,40,554.747985
17.533333,40,554.93405
15.511111,40,555.115379
12.355556,40,555.298724
23.044444,40,555.486452
0.0,40,555.667446
21.866667,40,555.857798
24.844444,40,556.04343
21.511111,40,556.222622
19.866667,40,556.401224
22.420492,40,556.581169
16.244444,40,556.762138
18.724862,40,556.940915
12.853632,40,557.118778
14.343053,40,557.301357
14.488889,40,557.485003
26.444444,40,557.669784
13.177778,40,558.066847
24.755556,40,558.250331
20.386705,40,558.435789
20.222222,40,558.616083
21.688889,40,558.80035
12.755556,40,558.98637
13.244444,40,559.171129
18.041149,40,559.354721
12.066667,40,559.538835
15.133333,40,559.723597
15.977778,40,559.906588
15.511111,40,560.086858
22.645195,40,560.270891
13.177778,40,560.451302
20.311111,40,560.637118
24.333333,40,560.821833
19.622222,40,561.003932
19.822222,40,561.189736
18.222222,40,561.375693
18.222222,40,561.556963
7.082392,40,561.738913
14.207531,40,561.917223
18.866667,40,562.100224
24.555556,40,562.28311
9.466667,40,562.463783
21.911111,40,562.642228
24.230263,40,562.828138
10.466667,40,563.014888
17.133333,40,563.199813
18.816523,40,563.384178
25.955556,40,563.5695
12.270021,40,563.751246
16.8,40,563.936228
14.755556,40,564.133296
13.2,40,564.317052
20.955556,40,564.495091
16.755556,40,564.694895
16.133333,40,564.887381
12.466667,40,565.07433
15.288889,40,565.257894
22.577778,40,565.43999
19.533333,40,565.623963
14.688889,40,565.804056
18.819402,40,565.988952
15.577778,40,566.169757
11.155556,40,566.351601
9.914906,40,566.536447
18.156127,40,566.72084
21.066667,40,566.904126
14.023794,40,567.091982
27.311111,40,567.27178
12.066667,40,567.451874
15.488889,40,567.63392
14.888889,40,567.815042
4.687206,40,568.001356
11.266667,40,568.186316
24.0,40,568.374163
14.660232,40,568.552894
24.358209,40,568.736151
9.2,40,568.918958
20.257436,40,569.102097
18.222222,40,569.281341
9.311111,40,569.465637
17.497564,40,569.647608
19.6,40,569.832742
22.03283,40,570.01643
19.644444,40,570.195643
23.466667,40,570.380196
19.889243,40,570.564659
14.825421,40,570.752316
14.770319,40,570.956812
18.577778,40,571.148445
13.222222,40,571.332216
22.311111,40,571.517432
15.955556,40,571.698638
15.333333,40,571.876342
22.444444,40,572.059243
20.444444,40,572.2374
16.022222,40,572.413288
12.733333,40,572.599427
24.355556,40,572.783725
23.111111,40,572.963144
15.933333,40,573.142278
21.617294,40,573.345904
18.2,40,573.537182
17.333333,40,573.722389
26.850776,40,573.906892
11.955556,40,574.086975
18.372325,40,574.268628
10.666667,40,574.457746
19.0,40,574.638392
22.147943,40,574.822351
19.044444,40,575.005848
12.624387,40,575.189436
7.8,40,575.370981
17.933333,40,575.553536
23.777778,40,575.736525
14.644444,40,575.91595
11.848719,40,576.100218
19.060587,40,576.295263
16.066667,40,576.479946
25.355556,40,576.663463
28.2,40,577.061682
20.288889,40,577.241594
18.138649,40,577.424096
19.088889,40,577.620639
24.222222,40,577.80602
24.355556,40,577.991121
22.244444,40,578.172525
15.4,40,578.38084
7.622222,40,578.5893
15.8,40,578.791938
22.374832,40,578.975745
7.183143,40,579.154595
25.4,40,579.340001
5.095564,40,579.523082
17.688889,40,579.702555
20.077046,40,579.88279
20.303219,40,580.062311
11.483864,40,580.240639
16.222222,40,580.418547
8.444444,40,580.598287
25.777778,40,580.781597
20.914458,40,580.963159
5.222012,40,581.1488
16.622222,40,581.330188
19.577778,40,581.511347
21.822222,40,581.695503
9.8,40,581.884735
19.533333,40,582.065372
18.260951,40,582.248791
20.894924,40,582.43114
12.022222,40,582.611244
22.488889,40,582.788659
27.266667,40,582.972715
23.0,40,583.172616
24.088889,40,583.357383
21.841553,40,583.542861
23.355556,40,583.729745
12.272195,40,583.910563
15.133333,40,584.093034
15.288889,40,584.276043
19.543107,40,584.459127
23.911111,40,584.636661
19.734311,40,584.816405
19.511111,40,584.999655
24.031337,40,585.182621
21.755556,40,585.369029
13.777778,40,585.55259
14.6,40,585.732295
20.088889,40,585.912892
12.2,40,586.093011
10.355556,40,586.274751
18.911111,40,586.457448
18.9513,40,586.636479
16.711111,40,586.81886
22.266667,40,587.00223
19.111111,40,587.182311
19.066667,40,587.367558
26.377778,40,587.549602
22.355556,40,587.734438
11.844444,40,587.916313
25.422222,40,588.099991
23.711111,40,588.284363
25.093817,40,588.466666
22.488889,40,588.66866
18.844444,40,588.850737
12.2503,40,589.031462
10.511111,40,589.21856
16.81259,40,589.401529
17.488889,40,589.604228
23.511111,40,589.79182
17.555556,40,589.976041
12.488889,40,590.15899
16.244444,40,590.343287
19.511111,40,590.526301
20.911111,40,590.707548
17.355556,40,590.887812
23.711111,40,591.071557
22.8,40,591.255832
17.622222,40,591.437375
14.622222,40,591.621556
7.044444,40,591.799042
20.866667,40,591.982186
9.757391,40,592.164093
21.466667,40,592.34369
17.551389,40,592.522266
21.577778,40,592.703788
13.444444,40,592.884731
18.155556,40,593.064576
13.185959,40,593.250461
10.088889,40,593.43621
19.733333,40,593.636135
11.222222,40,593.820147
21.155556,40,594.003792
12.488889,40,594.185338
14.75041,40,594.370323
21.0,40,594.549058
19.6,40,594.733346
18.0,40,594.915803
11.355556,40,595.103065
21.511111,40,595.285382
12.53565,40,595.463575
15.155556,40,595.646749
22.955556,40,596.043354
22.133333,40,596.226111
1.355556,40,596.405374
18.955556,40,596.589569
19.577778,40,596.775793
18.4,40,596.960525
11.306363,40,597.142521
19.822222,40,597.322245
16.155556,40,597.504428
7.797905,40,597.687004
18.333333,40,597.884206
11.888889,40,598.070352
8.516984,40,598.253904
14.2,40,598.43543
19.577778,40,598.617813
26.044444,40,598.799659
11.622222,40,598.979454
16.463301,40,599.16184
5.645135,40,599.34458
11.516001,40,599.525535
9.755556,40,599.707553
23.622222,40,599.892352
10.53475,40,600.074993
17.606219,40,600.257963
15.177778,40,600.437765
17.593006,40,600.621643
21.266667,40,600.806173
21.088889,40,600.99186
25.444444,40,601.187212
18.844444,40,601.382222
13.955556,40,601.563256
21.888889,40,601.746836
17.088889,40,601.929606
20.569286,40,602.113725
16.022222,40,602.300942
14.622222,40,602.486258
8.836837,40,602.670194
20.622222,40,602.853033
15.244444,40,603.036697
11.088889,40,603.215522
8.2,40,603.392022
18.711111,40,603.571166
23.657579,40,603.754244
20.466667,40,603.933071
22.533333,40,604.120124
23.288889,40,604.304061
13.288889,40,604.485921
18.822222,40,604.667215
14.466667,40,604.850863
13.466667,40,605.040086
11.933333,40,605.236502
9.755556,40,605.417084
12.422222,40,605.600001
17.436911,40,605.777758
23.755556,40,605.962851
24.488889,40,606.148805
16.974931,40,606.333175
23.177778,40,606.519145
18.911111,40,606.702045
21.888889,40,606.884504
21.128761,40,607.06579
25.755556,40,607.248217
18.844444,40,607.433884
23.137683,40,607.617951
23.422222,40,607.798578
9.555556,40,607.977401
24.688889,40,608.160114
26.533333,40,608.341477
20.422222,40,608.526086
23.933333,40,608.710375
18.044444,40,608.891999
18.044444,40,609.074051
20.511111,40,609.257353
17.422222,40,609.443675
23.479922,40,609.640464
18.844444,40,609.82453
16.291316,40,610.008684
16.822222,40,610.190163
19.07242,40,610.370478
18.066667,40,610.550734
14.644444,40,610.730727
21.622222,40,610.912362
23.149766,40,611.097063
4.888889,40,611.282187
23.266667,40,611.467385
21.666667,40,611.65074
24.977778,40,611.840699
22.133333,40,612.025475
19.82546,40,612.206864
21.6,40,612.390512
16.844444,40,612.576386
18.244444,40,612.848783
12.715699,40,613.057133
10.533333,40,613.238787
23.022222,40,613.420071
22.054873,40,613.604055
6.606813,40,613.786836
24.355556,40,613.990557
19.449059,40,614.186628
15.002706,40,614.371985
21.911111,40,614.553597
14.866667,40,614.735992
23.8,40,614.919583
15.154655,40,615.318735
23.933333,40,615.501047
26.577778,40,615.682455
10.822222,40,615.8676
28.044444,40,616.051445
4.888889,40,616.229333
17.844444,40,616.407805
12.8,40,616.590269
26.644444,40,616.775635
16.488889,40,616.959606
16.977778,40,617.141331
22.533333,40,617.339683
6.844444,40,617.518516
20.629438,40,617.701722
16.841753,40,617.885572
22.044444,40,618.067323
22.488889,40,618.255856
23.444444,40,618.442816
13.866667,40,618.628105
13.444444,40,618.808997
21.688889,40,618.995341
9.211397,40,619.181633
16.777778,40,619.363725
15.670281,40,619.551531
16.727596,40,619.739143
23.488889,40,619.921422
24.044444,40,620.107592
25.155556,40,620.291769
18.711111,40,620.478352
12.444444,40,620.66251
23.066667,40,620.847644
23.733333,40,621.028859
16.959846,40,621.205905
21.666667,40,621.388811
6.444444,40,621.57136
26.444444,40,621.750424
19.546673,40,621.932162
14.022222,40,622.111158
20.377778,40,622.298239
14.911111,40,622.493594
15.466667,40,622.674001
22.822222,40,622.8536
11.177778,40,623.032703
16.911111,40,623.217257
13.711111,40,623.39977
15.355556,40,623.583869
28.0,40,623.76691
18.688889,40,623.951229
16.8,40,624.149676
11.866667,40,624.330675
16.711173,40,624.517658
26.266667,40,624.703266
14.866667,40,624.894487
22.955556,40,625.078643
23.822222,40,625.26417
8.955556,40,625.447739
26.377778,40,625.627834
18.488889,40,625.80774
15.569073,40,625.990608
20.288889,40,626.176515
14.177778,40,626.359977
16.145986,40,626.544417
23.044444,40,626.729438
12.743735,40,626.925283
22.844444,40,627.104919
13.355556,40,627.287316
20.133333,40,627.470065
27.422222,40,627.653792
7.622222,40,627.837731
16.822222,40,628.020756
20.622222,40,628.207324
14.655195,40,628.386912
18.747708,40,628.5716
18.112913,40,628.756321
20.244444,40,629.022776
26.977778,40,629.207907
22.755556,40,629.393991
25.933333,40,629.579071
23.866667,40,629.765816
24.066667,40,629.950893
20.885922,40,630.136699
16.733333,40,630.321508
20.8,40,630.508644
24.577778,40,630.691983
19.666667,40,630.875292
11.2,40,631.07655
21.622222,40,631.256096
14.626298,40,631.440142
22.777093,40,631.624089
22.421491,40,631.805719
11.911111,40,631.990677
9.137311,40,632.173953
24.577778,40,632.356953
14.84685,40,632.537421
26.4,40,632.717803
18.977778,40,632.898129
13.911111,40,633.077267
21.022222,40,633.261244
20.377778,40,633.448972
20.333333,40,633.629551
16.418607,40,633.808576
17.533333,40,633.990173
7.240181,40,634.390049
14.133333,40,634.576104
18.755556,40,634.759274
25.088889,40,634.947256
16.155556,40,635.128136
17.560383,40,635.320197
13.466071,40,635.498448
2.8,40,635.678417
21.622222,40,635.870975
20.489532,40,636.058822
18.422222,40,636.241966
20.066667,40,636.42514
23.777778,40,636.609276
12.113028,40,636.800327
18.822222,40,636.98524
26.511111,40,637.16984
23.088889,40,637.356992
21.796266,40,637.557034
24.533333,40,637.741629
12.555556,40,637.9209
15.977778,40,638.100148
21.644444,40,638.282657
23.311111,40,638.466817
8.577778,40,638.6508
13.4,40,638.836009
11.911111,40,639.014517
20.866667,40,639.193423
17.088889,40,639.371385
18.377778,40,639.554363
17.892675,40,639.730894
21.308463,40,639.985967
24.0,40,640.171312
20.0,40,640.354408
11.888889,40,640.537925
21.311111,40,640.723647
14.022222,40,640.911865
25.622222,40,641.093229
22.888889,40,641.274995
25.666667,40,641.458275
23.755556,40,641.63852
21.622222,40,641.82316
7.134519,40,642.006351
19.0,40,642.190934
22.422222,40,642.373851
11.037285,40,642.557941
15.092126,40,642.761573
18.844444,40,642.945449
24.821667,40,643.125973
9.111111,40,643.308549
11.8,40,643.493845
24.888889,40,643.675563
19.622222,40,643.856067
22.190524,40,644.04183
18.177778,40,644.226378
12.177778,40,644.409649
28.444444,40,644.589237
19.755556,40,644.770724
13.622222,40,644.951847
21.844444,40,645.13411
10.444444,40,645.315822
10.577778,40,645.522401
16.866667,40,645.705756
16.088889,40,645.891184
24.044444,40,646.075519
22.527691,40,646.255148
15.288889,40,646.43681
7.511111,40,646.616406
19.644444,40,646.797666
14.644444,40,646.981876
11.288889,40,647.167364
11.786719,40,647.353827
11.222222,40,647.537689
16.288889,40,647.719746
23.666667,40,647.898626
22.311111,40,648.080218
23.555556,40,648.264388
26.414596,40,648.463952
20.384407,40,648.654063
22.466667,40,648.84232
21.777778,40,649.027812
12.466667,40,649.209277
15.4,40,649.394705
21.933333,40,649.580007
8.744916,40,649.75976
20.333333,40,649.95914
19.858475,40,650.145837
20.013764,40,650.335482
15.377778,40,650.521588
20.4,40,650.703274
22.488889,40,650.88557
24.0,40,651.067683
18.888889,40,651.248674
21.555556,40,651.43022
18.733333,40,651.650311
20.984223,40,651.831952
12.866667,40,652.014656
13.044444,40,652.199224
21.533333,40,652.431296
27.213577,40,652.628517
13.6,40,652.826297
22.444444,40,653.011438
6.888889,40,653.197283
22.044444,40,653.3974
27.644444,40,653.796018
13.777778,40,653.981896
23.733333,40,654.16984
16.088889,40,654.357871
13.377778,40,654.545485
13.770439,40,654.726859
17.377778,40,654.910479
20.355556,40,655.093022
11.844444,40,655.291968
25.923415,40,655.476706
18.155556,40,655.678472
10.577778,40,655.873294
11.333333,40,656.061697
12.466667,40,656.248962
25.370396,40,656.440235
23.977778,40,656.62598
16.066667,40,656.809711
26.133333,40,656.990935
12.0,40,657.291111
20.8,40,657.487914
11.844444,40,657.685291
28.666667,40,657.87986
13.820715,40,658.07974
14.767552,40,658.265715
25.911111,40,658.449165
25.266667,40,658.630992
15.688889,40,658.809749
11.088889,40,658.992173
18.236762,40,659.182927
17.644444,40,659.363622
17.022222,40,659.549101
19.383917,40,659.73307
11.088889,40,659.914635
25.844444,40,660.096571
20.755556,40,660.281594
18.688889,40,660.463369
17.422222,40,660.648008
0.733333,40,660.846682
16.977778,40,661.035578
21.021348,40,661.218996
19.933333,40,661.401702
19.211672,40,661.584099
21.644444,40,661.765413
20.888127,40,661.94958
14.733333,40,662.131743
12.644444,40,662.313186
17.311111,40,662.494809
12.733333,40,662.680164
21.666667,40,662.866857
11.888889,40,663.048582
26.6,40,663.231954
21.395188,40,663.412208
20.516401,40,663.594565
17.711111,40,663.776795
2.022222,40,663.955772
25.525746,40,664.136781
26.977778,40,664.319109
7.239066,40,664.499105
18.8,40,664.683498
14.866667,40,664.865702
22.355556,40,665.048191
11.755556,40,665.230385
10.444444,40,665.427603
21.187996,40,665.620478
18.088889,40,665.806684
17.844444,40,665.990654
18.844444,40,666.176745
11.822222,40,666.358273
16.466667,40,666.540849
26.822222,40,666.724043
25.8,40,666.905311
14.644444,40,667.094631
16.111111,40,667.295529
13.866667,40,667.47711
23.622222,40,667.663343
15.029682,40,667.846369
26.866667,40,668.048421
25.622222,40,668.243618
24.488889,40,668.438266
24.866667,40,668.631066
15.622222,40,668.826583
22.533333,40,669.011544
25.777778,40,669.194917
22.866667,40,669.378761
23.244444,40,669.574479
22.747321,40,669.760673
22.577778,40,669.962799
14.033804,40,670.142716
22.0,40,670.325568
21.666667,40,670.50901
11.349487,40,670.696105
24.622222,40,670.876143
21.533333,40,671.060245
7.844094,40,671.254499
28.444444,40,671.435821
19.992328,40,671.620246
13.117265,40,671.801783
28.244444,40,671.982481
22.555556,40,672.165413
23.822222,40,672.381091
19.0,40,672.568889
19.733333,40,672.760078
22.444444,40,673.160246
20.288889,40,673.356542
20.44549,40,673.542176
21.755556,40,673.736703
9.407581,40,673.92629
20.311111,40,674.11807
17.355556,40,674.330731
9.622222,40,674.519987
23.822222,40,674.703727
26.133333,40,674.885187
9.785043,40,675.070974
26.377778,40,675.255051
16.622222,40,675.434662
18.2,40,675.615455
18.266667,40,675.794631
24.222222,40,675.97904
22.451272,40,676.168765
13.333333,40,676.360142
27.888889,40,676.543447
23.644444,40,676.723028
3.444444,40,676.899912
19.090452,40,677.084114
22.244444,40,677.269476
16.6,40,677.452397
20.177778,40,677.651944
8.355556,40,677.831171
10.552963,40,678.014669
23.666667,40,678.196878
22.666667,40,678.381263
27.777778,40,678.56533
21.355556,40,678.758593
20.735695,40,678.956541
20.355556,40,679.142914
12.845457,40,679.328031
16.133333,40,679.510526
11.844444,40,679.700391
13.444444,40,679.88317
13.222222,40,680.069219
20.244738,40,680.268303
16.469459,40,680.453563
15.977778,40,680.637832
11.247162,40,680.824389
20.688889,40,681.011406
5.795818,40,681.194862
7.022222,40,681.380033
24.644444,40,681.563661
14.082741,40,681.745633
23.511111,40,681.925437
12.577778,40,682.115743
16.644444,40,682.301804
11.0,40,682.497018
16.066667,40,682.687302
19.644444,40,682.872342
18.911111,40,683.056374
19.666667,40,683.240147
21.488889,40,683.425999
6.933333,40,683.607371
25.111111,40,683.79298
18.888889,40,683.979678
21.911111,40,684.170318
21.555556,40,684.369574
13.311111,40,684.558326
19.711111,40,684.748563
14.555556,40,684.935331
21.158541,40,685.125197
10.577778,40,685.30988
22.244444,40,685.489815
23.422222,40,685.673601
16.177778,40,685.853105
24.355556,40,686.035659
22.622222,40,686.222559
12.2,40,686.406524
24.8,40,686.594229
18.2,40,686.817772
24.355556,40,686.999642
25.222222,40,687.186763
20.331585,40,687.371915
18.788306,40,687.550363
21.019382,40,687.73373
13.866667,40,687.917288
23.088889,40,688.096317
12.622222,40,688.297481
26.777778,40,688.484554
18.044444,40,688.665478
22.866667,40,688.848683
11.866667,40,689.037997
11.297405,40,689.224586
22.355556,40,689.408598
20.377778,40,689.591597
18.377778,40,689.77411
15.466667,40,689.961704
19.844444,40,690.147261
22.831021,40,690.331244
17.644444,40,690.518263
19.622222,40,690.700055
5.688889,40,690.88365
19.844444,40,691.065349
18.177778,40,691.249498
21.866667,40,691.431609
5.688889,40,691.611109
5.577778,40,691.795856
0.666667,40,691.977629
16.111111,40,692.394135
19.133333,40,692.585267
24.134173,40,692.768712
25.155556,40,692.951314
24.61544,40,693.133732
20.888889,40,693.337284
25.266667,40,693.533099
18.044444,40,693.73167
26.666667,40,693.916997
25.755556,40,694.098623
21.022222,40,694.283038
20.866667,40,694.470397
19.111111,40,694.651532
14.8,40,694.834766
16.375345,40,695.042873
19.222222,40,695.22677
20.912392,40,695.408023
18.266667,40,695.591846
16.011932,40,695.778397
22.466667,40,695.961816
23.4,40,696.151548
17.298493,40,696.337057
18.112269,40,696.521583
15.039082,40,696.704185
11.955556,40,696.889319
23.933333,40,697.070459
19.844444,40,697.263214
17.711111,40,697.448219
19.355556,40,697.631178
22.488889,40,697.813681
18.218036,40,697.995716
20.177778,40,698.175094
14.666667,40,698.358255
20.155556,40,698.544709
25.288889,40,698.731082
22.355556,40,698.913494
23.333333,40,699.096815
28.422222,40,699.280049
22.844444,40,699.46058
24.688889,40,699.644838
7.266667,40,699.826412
25.266667,40,700.00737
17.511111,40,700.18977
5.657872,40,700.368297
23.155556,40,700.547664
14.98937,40,700.731514
20.088889,40,700.910679
17.488889,40,701.095202
17.244444,40,701.28001
25.644444,40,701.461414
23.066667,40,701.646163
16.622222,40,701.857349
22.844444,40,702.037918
5.641552,40,702.222037
15.488889,40,702.406173
18.933333,40,702.590911
25.111111,40,702.773823
12.688228,40,702.956758
24.533333,40,703.140072
9.888889,40,703.321964
16.622222,40,703.504087
26.333333,40,703.683451
21.466667,40,703.866186
18.088889,40,704.052583
2.822222,40,704.232402
9.088889,40,704.413229
27.555556,40,704.594365
24.644444,40,704.778119
23.844444,40,704.956774
20.244444,40,705.137322
20.266667,40,705.317769
21.6,40,705.499471
0.666667,40,705.683483
15.333333,40,705.867509
24.453069,40,706.049311
14.022222,40,706.231934
23.288889,40,706.416372
26.911111,40,706.597536
9.829485,40,706.775828
11.422222,40,706.955047
13.622222,40,707.140025
23.844444,40,707.322389
19.555556,40,707.508147
25.955556,40,707.69246
17.073012,40,707.876237
22.355556,40,708.061318
14.777778,40,708.243452
12.444444,40,708.42531
24.066667,40,708.607974
9.838802,40,708.788514
24.191153,40,708.969708
20.244444,40,709.152281
24.777778,40,709.336822
16.111111,40,709.516326
18.873723,40,709.697061
20.044444,40,709.89043
24.866667,40,710.08834
19.755556,40,710.271016
19.088889,40,710.451972
17.337502,40,710.649168
19.4,40,710.83263
21.044444,40,711.019704
23.133333,40,711.202998
18.933333,40,711.600035
8.355556,40,711.780663
19.555556,40,711.96512
27.133333,40,712.145842
19.6,40,712.329437
16.911111,40,712.515298
15.333333,40,712.696851
11.111111,40,712.879734
23.088889,40,713.06305
20.755556,40,713.245298
23.822222,40,713.427775
9.866667,40,713.611467
13.517345,40,713.794846
16.066667,40,713.975647
22.377778,40,714.159158
21.705381,40,714.345283
17.548726,40,714.529463
10.113668,40,714.714461
16.155556,40,714.900662
10.711111,40,715.087288
9.133333,40,715.268962
17.933333,40,715.451253
24.133363,40,715.631128
13.266667,40,715.813758
9.64904,40,715.998137
21.793186,40,716.183046
20.294296,40,716.365338
26.155556,40,716.550598
18.822998,40,716.73318
17.244444,40,716.916292
27.311111,40,717.096451
9.222222,40,717.27578
18.39355,40,717.461088
23.755556,40,717.645768
10.6,40,717.831323
24.511111,40,718.014127
26.422222,40,718.199293
10.644444,40,718.383994
17.466667,40,718.565196
18.630259,40,718.742672
7.376506,40,718.922672
20.911111,40,719.103979
22.511111,40,719.284397
10.0,40,719.464564
14.577778,40,719.650261
17.488889,40,719.832914
23.753178,40,720.014177
24.2,40,720.199708
18.761267,40,720.387927
24.666667,40,720.574469
25.244444,40,720.761463
18.066667,40,720.945685
26.511111,40,721.129295
12.040712,40,721.329571
23.844444,40,721.518716
18.155556,40,721.700357
21.866667,40,721.881621
22.377778,40,722.06639
21.888889,40,722.253738
15.688889,40,722.435448
22.6,40,722.616789
14.666667,40,722.796914
16.422222,40,722.975849
14.133978,40,723.15842
21.4,40,723.343249
14.749355,40,723.5236
18.772759,40,723.708468
26.666667,40,723.889546
24.256152,40,724.070664
22.954745,40,724.247914
23.933333,40,724.424277
17.110436,40,724.624894
19.133333,40,724.804637
5.54185,40,724.991829
16.8,40,725.177612
16.888889,40,725.361148
21.088889,40,725.543908
22.444444,40,725.72958
11.266667,40,725.911918
13.911111,40,726.091169
15.955556,40,726.276501
18.822222,40,726.462496
21.733333,40,726.648532
9.955556,40,726.836616
23.133333,40,727.021848
20.333333,40,727.203833
15.809288,40,727.403276
24.311111,40,727.589109
22.377778,40,727.775626
24.6,40,727.958524
7.755556,40,728.140247
20.264887,40,728.32302
22.577778,40,728.505892
16.844444,40,728.690195
27.222222,40,728.875527
22.755556,40,729.063286
24.733333,40,729.243747
26.911111,40,729.428862
25.533333,40,729.608715
21.155556,40,729.794708
25.755556,40,729.995909
22.444444,40,730.180958
9.992142,40,730.578684
20.377778,40,730.762983
23.471682,40,730.944014
26.622222,40,731.123638
17.747119,40,731.307501
12.488889,40,731.489692
23.133333,40,731.672609
17.822222,40,731.857522
16.955556,40,732.039479
22.688889,40,732.219428
27.422222,40,732.403027
16.444444,40,732.588985
21.133333,40,732.789102
13.878292,40,732.970128
14.222222,40,733.152727
21.266667,40,733.339169
19.555556,40,733.52441
25.111111,40,733.706328
19.555556,40,733.889464
23.022222,40,734.071106
26.911111,40,734.254872
20.333333,40,734.436217
26.088889,40,734.61601
18.488889,40,734.797945
25.846432,40,734.978932
21.244444,40,735.162441
18.355556,40,735.345804
13.911111,40,735.539684
21.777778,40,735.732264
18.044444,40,735.919978
14.088889,40,736.103773
16.682695,40,736.287094
11.577778,40,736.469565
20.8,40,736.651445
25.311111,40,736.847851
23.644444,40,737.034059
22.444444,40,737.214017
22.022222,40,737.394714
22.288889,40,737.58058
27.533333,40,737.764586
26.377778,40,737.951726
18.822222,40,738.139191
17.511111,40,738.320895
20.822222,40,738.5057
22.2,40,738.6904
22.488889,40,738.873756
8.955556,40,739.05213
24.888889,40,739.233389
22.0,40,739.420052
16.077384,40,739.602116
16.066667,40,739.788131
26.4,40,739.974529
12.355556,40,740.157705
26.004518,40,740.340068
24.377778,40,740.525831
21.822222,40,740.709698
20.155556,40,740.892328
21.579305,40,741.072318
14.777778,40,741.252745
20.395119,40,741.436823
25.888889,40,741.620243
18.377778,40,741.804268
22.279108,40,741.985779
9.711111,40,742.166205
16.757782,40,742.344949
28.022222,40,742.527078
18.133333,40,742.715329
15.955556,40,742.900173
23.644444,40,743.085126
25.200745,40,743.267912
22.488934,40,743.451711
23.4,40,743.631672
21.716549,40,743.817788
24.866667,40,743.998155
15.288889,40,744.180295
17.511111,40,744.365202
24.666667,40,744.554824
21.8,40,744.738197
17.488889,40,744.91835
24.022222,40,745.099721
23.130822,40,745.279855
22.244444,40,745.462109
22.493341,40,745.645131
22.933333,40,745.829867
19.0,40,746.030734
21.555556,40,746.213824
14.555556,40,746.395743
22.4,40,746.580683
14.736908,40,746.766358
9.888889,40,746.948701
18.222222,40,747.132275
22.422222,40,747.317769
22.577778,40,747.501268
21.377778,40,747.683547
23.052749,40,747.865906
12.466667,40,748.048453
23.4,40,748.234761
26.533333,40,748.413609
28.222222,40,748.596826
15.644444,40,748.77867
23.177778,40,748.958994
19.488889,40,749.140033
13.288889,40,749.323012
19.888889,40,749.721966
23.777778,40,749.910331
16.488889,40,750.093767
16.044444,40,750.277613
23.577778,40,750.464067
23.711111,40,750.648552
22.969758,40,750.830196
14.866667,40,751.018917
9.902189,40,751.199744
20.794773,40,751.384665
25.177778,40,751.568713
23.133333,40,751.751418
24.711111,40,751.933505
21.533333,40,752.112308
9.911111,40,752.2941
25.111111,40,752.474255
24.666667,40,752.65529
11.888889,40,752.837582
20.222222,40,753.021671
22.093236,40,753.203436
13.177778,40,753.3848
26.0,40,753.567986
26.022222,40,753.749683
19.066667,40,753.930465
18.111111,40,754.113631
16.4,40,754.295935
14.777778,40,754.476455
25.555556,40,754.655991
18.511111,40,754.837758
22.488889,40,755.019189
23.6,40,755.200918
21.911111,40,755.385374
23.911111,40,755.566552
27.511111,40,755.75074
15.844444,40,755.936503
16.044444,40,756.119554
19.177778,40,756.304414
18.911111,40,756.489994
18.302058,40,756.674121
23.844444,40,756.856285
25.688889,40,757.039198
26.488889,40,757.223273
22.355556,40,757.40662
15.844444,40,757.589948
23.840073,40,757.775125
19.177778,40,757.957169
15.466667,40,758.138694
18.802595,40,758.320741
16.6,40,758.503942
21.777778,40,758.686328
15.470311,40,758.873339
11.222222,40,759.058512
25.244444,40,759.243736
24.2,40,759.426865
17.99368,40,759.609351
21.666667,40,759.790315
10.769252,40,759.975106
23.355556,40,760.157416
21.0,40,760.337261
19.577778,40,760.517976
0.733333,40,760.704224
13.844444,40,760.893386
28.111111,40,761.07595
18.222222,40,761.275162
24.062727,40,761.455727
13.954874,40,761.644607
21.555556,40,761.825369
20.222222,40,762.008811
8.555556,40,762.19207
16.133333,40,762.374773
25.933333,40,762.557879
17.548716,40,762.736519
25.711111,40,762.924667
13.066667,40,763.109739
19.844444,40,763.296838
23.177778,40,763.482381
24.133333,40,763.664376
17.644444,40,763.845351
19.122275,40,764.030324
24.533333,40,764.211983
22.333333,40,764.391449
13.155556,40,764.574547
20.088889,40,764.75733
13.853538,40,764.938369
25.222222,40,765.120209
23.33515,40,765.300184
21.777778,40,765.484766
20.822222,40,765.672518
20.911111,40,765.856262
16.088889,40,766.055318
14.022222,40,766.259821
18.844444,40,766.452905
24.102065,40,766.638576
23.955556,40,766.824139
20.266667,40,767.004008
26.244121,40,767.184152
13.8,40,767.36666
18.866667,40,767.547323
14.915873,40,767.731081
24.288889,40,767.916801
26.755556,40,768.098057
21.155556,40,768.280898
22.866667,40,768.682403
15.288889,40,768.866236
24.422222,40,769.052937
21.933333,40,769.240148
25.044444,40,769.424727
15.311111,40,769.611828
5.533333,40,769.795158
15.888889,40,769.983769
21.688889,40,770.168854
16.691805,40,770.353278
7.455284,40,770.532131
25.222222,40,770.717773
16.133333,40,770.905408
17.267809,40,771.091788
20.288889,40,771.273584
22.422222,40,771.4751
17.4,40,771.661607
22.577778,40,771.844288
25.311111,40,772.024388
18.533333,40,772.204833
26.844444,40,772.386528
14.733333,40,772.56516
26.022222,40,772.750076
26.866667,40,772.932481
16.872568,40,773.110666
19.488889,40,773.292879
17.888889,40,773.475303
21.844444,40,773.655859
19.977778,40,773.838775
25.066667,40,774.022932
18.8,40,774.206225
13.377778,40,774.406392
23.577778,40,774.589799
16.133333,40,774.76918
24.399982,40,774.951066
16.6,40,775.138934
23.288889,40,775.325217
23.644444,40,775.513776
17.2,40,775.696733
18.155556,40,775.920772
26.689429,40,776.106314
13.222222,40,776.285913
17.622222,40,776.469417
17.533333,40,776.655367
5.355556,40,776.836478
19.444444,40,777.022053
18.888889,40,777.205682
26.302349,40,777.389533
25.133333,40,777.582919
26.4,40,777.766284
17.555556,40,777.948322
21.222222,40,778.130287
26.266667,40,778.325546
21.555556,40,778.503241
24.6,40,778.688785
21.911111,40,778.874174
22.883459,40,779.056257
19.577778,40,779.240803
23.511111,40,779.4234
25.066667,40,779.60629
22.4,40,779.787295
9.190079,40,780.026672
12.222222,40,780.243846
24.441455,40,780.46706
20.222222,40,780.691235
22.822222,40,780.876211
0.733333,40,781.055373
24.444444,40,781.240211
27.866667,40,781.424506
18.066667,40,781.609517
23.911111,40,781.795986
25.288889,40,781.996809
16.755556,40,782.1833
27.155556,40,782.366201
26.822222,40,782.579427
16.528348,40,782.797308
16.422222,40,782.992339
25.977778,40,783.183578
26.511111,40,783.372236
26.866667,40,783.560514
13.111111,40,783.74937
26.466667,40,783.930475
24.533333,40,784.111718
20.934417,40,784.290112
23.960304,40,784.469768
17.577778,40,784.648015
20.955556,40,784.828379
19.0,40,785.010739
19.13691,40,785.190479
26.533333,40,785.372486
21.755556,40,785.555992
21.866435,40,785.738325
25.733333,40,785.920748
17.555556,40,786.105022
24.444444,40,786.287575
18.177778,40,786.471711
22.842128,40,786.653976
24.288889,40,786.841376
17.019049,40,787.024085
27.488889,40,787.20655
14.711111,40,787.432078
16.066667,40,787.613836
19.644444,40,788.022286
19.311111,40,788.22833
21.688889,40,788.502543
24.888889,40,788.705557
26.533333,40,788.898002
24.6,40,789.097879
17.733333,40,789.308604
21.244444,40,789.502394
15.888063,40,789.69653
24.821438,40,789.893493
17.6,40,790.078735
24.022222,40,790.26252
9.205051,40,790.444629
25.022222,40,790.624971
18.044444,40,790.810046
24.577778,40,790.994274
14.666667,40,791.19697
16.71004,40,791.379971
16.266667,40,791.578396
25.288889,40,791.858691
11.0,40,792.077449
11.857683,40,792.311029
27.488889,40,792.514565
13.755556,40,792.702249
13.955556,40,792.894134
20.111111,40,793.093772
21.6,40,793.277646
20.6,40,793.460019
12.784957,40,793.647637
14.622222,40,793.833938
15.266667,40,794.013225
23.177778,40,794.195168
22.365507,40,794.37929
12.413233,40,794.562086
17.444444,40,794.744894
27.377778,40,794.926836
25.066667,40,795.110938
23.777778,40,795.290037
4.977778,40,795.472146
18.888889,40,795.656331
19.377778,40,795.839763
8.444444,40,796.018976
25.515338,40,796.203399
24.288889,40,796.384187
25.133333,40,796.566286
25.4,40,796.745302
17.511111,40,796.923537
14.132246,40,797.104722
23.044444,40,797.288665
18.044444,40,797.469537
18.822222,40,797.649856
25.333333,40,797.830545
6.333333,40,798.012578
13.777778,40,798.191852
15.0,40,798.374747
25.911111,40,798.557256
25.888889,40,798.746455
21.822222,40,798.930837
22.333333,40,799.114137
22.577778,40,799.296868
23.497984,40,799.481002
19.066667,40,799.666215
16.711111,40,799.849547
21.098572,40,800.03286
25.355556,40,800.217947
18.111111,40,800.400973
20.524265,40,800.589951
18.355556,40,800.775384
25.0,40,800.959119
15.4,40,801.139329
8.622222,40,801.322129
20.977778,40,801.502939
21.155556,40,801.68799
22.770837,40,801.865585
24.2,40,802.048879
21.77186,40,802.23407
23.111111,40,802.418396
28.266667,40,802.601423
25.733333,40,802.784373
23.164741,40,802.965588
21.577778,40,803.149318
11.805192,40,803.332438
15.298906,40,803.513487
26.711111,40,803.692682
22.349818,40,803.878307
19.555556,40,804.06296
13.86167,40,804.246928
20.155556,40,804.427866
11.844444,40,804.613561
27.088889,40,804.798879
10.107379,40,804.981675
24.0,40,805.168611
23.4,40,805.351347
27.044444,40,805.531655
11.550038,40,805.713307
21.136103,40,805.924498
12.488889,40,806.115991
12.066667,40,806.300483
25.533333,40,806.48478
19.711111,40,806.666647
26.111111,40,806.851194
25.377778,40,807.035457
14.724098,40,807.217125
23.088889,40,807.617148
21.972126,40,807.816446
20.244444,40,808.373342
23.644444,40,808.688574
19.822073,40,808.876242
17.977778,40,809.062118
14.6,40,809.24278
17.622222,40,809.427496
21.711111,40,809.608249
21.333333,40,809.791218
26.111111,40,809.975769
18.244444,40,810.161574
22.311111,40,810.346128
19.377778,40,810.528771
14.155556,40,810.711436
21.488889,40,810.893881
18.733333,40,811.081823
12.666667,40,811.270623
24.444444,40,811.453215
12.444444,40,811.63937
25.789249,40,811.82338
12.244444,40,812.004889
22.133333,40,812.187552
24.777778,40,812.38787
19.555556,40,812.588022
24.245468,40,812.7708
17.866667,40,812.956931
18.355556,40,813.136502
21.622222,40,813.324635
22.222222,40,813.509189
21.6,40,813.689277
20.933333,40,813.871406
24.466667,40,814.054704
23.844444,40,814.241021
13.923897,40,814.423947
18.250918,40,814.605171
20.955556,40,814.786351
25.977778,40,814.970776
12.662185,40,815.150995
24.933333,40,815.330003
16.755556,40,815.507681
24.022222,40,815.692491
26.177778,40,815.879632
23.8,40,816.060164
17.644444,40,816.246831
25.266667,40,816.443178
17.311111,40,816.63648
15.458887,40,816.81981
17.488889,40,817.001885
23.422222,40,817.188208
9.2,40,817.369964
6.288889,40,817.550707
18.146715,40,817.732797
21.521007,40,817.916342
20.555556,40,818.10144
18.244444,40,818.288012
24.955556,40,818.473027
25.911111,40,818.658589
18.555556,40,818.843267
10.837811,40,819.025294
26.688889,40,819.210158
22.977778,40,819.395015
26.577778,40,819.578061
23.288889,40,819.765313
14.020476,40,819.951988
18.511111,40,820.15718
24.955556,40,820.3739
27.8,40,820.557
25.641032,40,820.744563
17.355556,40,820.948644
24.266667,40,821.13754
22.222222,40,821.31702
23.8,40,821.501057
18.2,40,821.682945
17.0,40,821.864741
14.933333,40,822.047556
21.755556,40,822.230637
17.977778,40,822.412956
14.911111,40,822.596061
21.711111,40,822.781816
18.596767,40,822.968941
25.040514,40,823.156017
26.444444,40,823.337267
25.333333,40,823.521328
23.666667,40,823.704443
24.555556,40,823.883736
25.761482,40,824.06583
19.266667,40,824.254752
26.755556,40,824.438369
17.444444,40,824.623919
23.0,40,824.809326
18.0,40,824.986438
12.72886,40,825.167149
22.688889,40,825.351628
20.0,40,825.536876
11.822222,40,825.724032
25.044444,40,825.909686
26.605491,40,826.093646
19.044444,40,826.278248
21.666667,40,826.46291
20.288889,40,826.646172
25.377778,40,826.828752
13.333333,40,827.228044
26.422222,40,827.405695
26.355556,40,827.589112
25.311111,40,827.77311
22.377778,40,827.95726
22.422222,40,828.143109
15.4,40,828.343252
24.0,40,828.521769
16.266667,40,828.701375
20.777778,40,828.882281
7.162492,40,829.065639
21.444444,40,829.247128
18.222222,40,829.432065
24.333333,40,829.612339
11.555556,40,829.791778
27.333333,40,829.975307
12.137961,40,830.15687
24.0,40,830.342372
24.444444,40,830.53329
19.244444,40,830.715233
27.422222,40,830.89913
17.533333,40,831.07997
21.755556,40,831.26317
22.288889,40,831.446366
24.444444,40,831.633486
20.022222,40,831.816712
19.488889,40,831.998787
13.444444,40,832.181558
11.133333,40,832.364822
25.022222,40,832.547538
10.288889,40,832.732433
16.8,40,832.913706
19.088889,40,833.095805
25.644444,40,833.279972
24.422222,40,833.462214
20.977778,40,833.645374
22.755556,40,833.827288
24.755556,40,834.012092
24.488889,40,834.194878
24.466667,40,834.37875
16.266667,40,834.587969
23.970566,40,834.778048
13.911111,40,834.960788
16.866667,40,835.14461
22.4,40,835.336934
16.244444,40,835.537763
21.777778,40,835.722056
21.844444,40,835.902089
22.066667,40,836.083894
16.311111,40,836.26556
19.13588,40,836.448811
14.688889,40,836.630603
17.555556,40,836.815416
13.977778,40,836.997813
19.777778,40,837.178664
24.6,40,837.35825
20.644444,40,837.543028
21.066667,40,837.730996
25.244444,40,837.914223
20.222222,40,838.095159
16.794239,40,838.27542
26.910036,40,838.46306
23.329092,40,838.674473
22.244444,40,838.862207
14.684505,40,839.047261
23.533333,40,839.231559
20.903832,40,839.412648
14.4,40,839.593201
20.622222,40,839.778506
21.177778,40,839.960857
16.890918,40,840.143542
21.0,40,840.330549
15.933333,40,840.534413
23.933333,40,840.723669
24.822222,40,840.907318
24.355556,40,841.0902
17.977778,40,841.276188
25.2,40,841.459729
18.8,40,841.641656
26.533333,40,841.830345
16.111111,40,842.050125
17.022222,40,842.240969
28.0,40,842.431057
19.548079,40,842.608573
23.222222,40,842.79348
13.311111,40,842.976611
8.933333,40,843.158774
27.222222,40,843.34305
11.933333,40,843.537622
15.866667,40,843.726429
22.111111,40,843.907211
22.066667,40,844.106042
23.622222,40,844.290138
22.108538,40,844.476355
24.437282,40,844.65703
25.111111,40,844.83892
18.977778,40,845.021536
25.933333,40,845.204182
25.177778,40,845.387522
18.837055,40,845.571677
9.155556,40,845.751838
16.116877,40,845.932843
23.327021,40,846.11674
20.47095,40,846.516761
22.155556,40,846.700818
22.555556,40,846.886798
24.355556,40,847.06879
20.584143,40,847.253311
18.162783,40,847.440768
27.8,40,847.620078
19.47468,40,847.798665
15.066667,40,847.975015
25.0,40,848.156545
25.288889,40,848.338466
26.844444,40,848.522125
16.0,40,848.711776
26.977778,40,848.893949
19.555556,40,849.07434
19.17238,40,849.251385
23.955556,40,849.430833
20.755556,40,849.61433
23.8,40,849.798971
19.022222,40,849.984758
18.4,40,850.168945
25.355556,40,850.350182
25.8,40,850.534933
25.133333,40,850.717676
21.355556,40,850.900457
14.844444,40,851.080891
23.622222,40,851.26254
23.355556,40,851.442885
23.844444,40,851.626262
21.136296,40,851.807722
24.266667,40,851.988412
18.044444,40,852.171355
17.636635,40,852.352656
21.733333,40,852.536922
14.533333,40,852.722312
24.711111,40,852.905466
28.222222,40,853.089877
26.222222,40,853.273849
10.977778,40,853.455547
17.333333,40,853.63997
27.511111,40,853.825024
22.8,40,854.01031
26.644444,40,854.19274
11.314327,40,854.37541
23.355556,40,854.558049
10.772272,40,854.739985
25.777778,40,854.923592
17.4,40,855.107528
23.4,40,855.291787
18.733333,40,855.485988
17.555556,40,855.670407
16.022222,40,855.850691
5.761167,40,856.029538
20.311111,40,856.208913
22.022222,40,856.391309
10.244444,40,856.572492
23.755556,40,856.75491
20.777778,40,856.939616
7.511111,40,857.12125
9.174359,40,857.300883
20.333333,40,857.482494
22.822222,40,857.669333
20.688889,40,857.856316
21.666667,40,858.042
11.155556,40,858.222103
13.533333,40,858.403375
17.888889,40,858.586764
18.423988,40,858.769459
25.666667,40,858.951758
18.777778,40,859.132354
23.2,40,859.316704
27.444444,40,859.501326
27.022222,40,859.683432
16.177778,40,859.868493
24.333333,40,860.049839
22.911111,40,860.23272
25.977778,40,860.417262
27.244444,40,860.599364
16.533333,40,860.78277
14.1356,40,860.965511
18.822222,40,861.145653
18.844444,40,861.32617
24.493498,40,861.51112
18.2,40,861.695284
24.177778,40,861.878523
23.177778,40,862.060622
27.366834,40,862.240876
15.466667,40,862.424016
17.663074,40,862.604751
15.311111,40,862.790188
17.933333,40,862.976444
13.552578,40,863.156714
19.6,40,863.342818
15.466667,40,863.530846
21.844444,40,863.715966
18.066667,40,863.899
14.757916,40,864.084714
20.822222,40,864.267421
11.375433,40,864.449797
23.822222,40,864.6371
11.294016,40,864.817682
17.0,40,865.005873
16.071793,40,865.399227
15.866667,40,865.616907
14.287232,40,865.838064
22.311111,40,866.030546
11.133333,40,866.216609
17.540711,40,866.399451
21.937301,40,866.648067
20.866667,40,866.846051
19.533333,40,867.065918
25.0,40,867.26737
23.533333,40,867.457346
23.488889,40,867.649517
21.911111,40,867.899016
27.044444,40,868.086656
23.866667,40,868.272061
19.377778,40,868.458332
24.155556,40,868.660405
22.155556,40,868.850019
24.466667,40,869.03548
13.155556,40,869.218492
23.177778,40,869.402922
14.837219,40,869.588349
23.911111,40,869.77678
23.022222,40,869.958651
15.911111,40,870.138278
16.511111,40,870.323148
22.866667,40,870.513335
24.222222,40,870.697665
28.022222,40,870.883311
27.733333,40,871.072037
25.888889,40,871.260393
21.644444,40,871.443752
16.435999,40,871.643598
16.044444,40,871.826939
20.488889,40,872.010423
23.155556,40,872.190816
24.662996,40,872.376026
25.911111,40,872.562087
26.177778,40,872.756817
25.2,40,872.940161
23.4,40,873.12187
26.777778,40,873.305414
17.222222,40,873.487051
21.466667,40,873.668067
27.111111,40,873.852618
23.088889,40,874.036672
23.711111,40,874.221616
16.788657,40,874.405896
16.834563,40,874.585165
21.917458,40,874.829205
27.933333,40,875.029042
22.422222,40,875.216136
21.222222,40,875.395258
17.451558,40,875.579123
12.538004,40,875.765735
17.622222,40,875.948298
15.533333,40,876.135207
26.622222,40,876.318424
22.511111,40,876.498843
19.305266,40,876.681587
25.155556,40,876.865614
23.177778,40,877.047462
16.622222,40,877.244676
23.0,40,877.444766
22.488889,40,877.633342
24.222222,40,877.815843
22.466667,40,878.000069
19.577778,40,878.180451
18.866667,40,878.366762
9.196452,40,878.551301
20.977778,40,878.733927
26.199569,40,878.914869
26.377778,40,879.095733
22.733333,40,879.275861
0.733333,40,879.460483
23.844444,40,879.644838
22.888889,40,879.831091
22.688889,40,880.015577
16.666667,40,880.199742
24.333333,40,880.38254
9.057127,40,880.569397
22.4,40,880.749438
16.044444,40,880.929349
6.54236,40,881.108755
28.244444,40,881.28941
21.770833,40,881.470866
23.577778,40,881.653482
20.866667,40,881.8394
10.711111,40,882.038181
19.752793,40,882.226363
22.311111,40,882.412008
26.777778,40,882.598008
20.964747,40,882.781317
20.666667,40,882.962311
20.577778,40,883.14115
22.4,40,883.321314
18.866667,40,883.506932
20.2,40,883.692025
20.170522,40,883.874574
23.2,40,884.061248
22.4,40,884.247319
26.866667,40,884.432535
27.222222,40,884.875383
24.355556,40,885.086425
26.777778,40,885.306215
19.933333,40,885.491163
24.177778,40,885.672292
18.8,40,885.850531
9.466994,40,886.032013
9.133333,40,886.22026
20.533333,40,886.404569
15.777778,40,886.588901
3.524031,40,886.770663
20.044444,40,886.953533
27.222222,40,887.134541
24.688889,40,887.315645
12.311111,40,887.495012
23.933333,40,887.681663
17.333333,40,887.861012
26.377778,40,888.045956
18.266667,40,888.233291
25.088889,40,888.434965
17.288889,40,888.616763
20.777778,40,888.801667
19.466667,40,888.988202
27.755556,40,889.172927
19.666667,40,889.353093
22.266667,40,889.53515
25.888889,40,889.718434
23.866667,40,889.899684
24.910447,40,890.093189
21.733333,40,890.282849
14.030517,40,890.466638
21.0,40,890.649307
19.688889,40,890.828728
7.644444,40,891.011313
19.155556,40,891.198784
20.44807,40,891.389279
2.088889,40,891.577058
12.955556,40,891.765747
11.733333,40,891.948437
22.444444,40,892.131442
21.111111,40,892.31208
24.888889,40,892.495044
22.333333,40,892.674594
19.777778,40,892.859265
20.911111,40,893.047107
22.266667,40,893.231357
12.622222,40,893.418807
23.18616,40,893.623459
24.6,40,893.803423
26.488889,40,893.985328
23.688889,40,894.171553
20.933333,40,894.358252
22.711111,40,894.546845
21.511111,40,894.731338
25.288889,40,894.921646
21.488889,40,895.106164
23.644444,40,895.28924
27.288889,40,895.473215
28.066667,40,895.671985
22.533333,40,895.862119
24.8,40,896.054741
17.288889,40,896.23723
25.177778,40,896.419457
26.511111,40,896.610076
18.955556,40,896.912953
21.155556,40,897.130069
19.355556,40,897.311948
11.244444,40,897.494622
21.733333,40,897.674548
19.0,40,897.857724
20.955556,40,898.039658
19.533333,40,898.222617
19.688889,40,898.407653
22.511111,40,898.590515
24.777778,40,898.77435
5.666667,40,898.960265
19.488889,40,899.142897
22.244444,40,899.323206
22.266667,40,899.504068
14.0,40,899.690389
25.155556,40,899.87513
20.355556,40,900.055631
22.444444,40,900.237918
27.4,40,900.438998
17.4,40,900.634906
21.711111,40,900.819778
18.222222,40,901.006387
19.355556,40,901.190645
24.711111,40,901.37755
28.022222,40,901.560266
25.8,40,901.745303
18.266667,40,901.927855
20.311111,40,902.11318
26.533333,40,902.301461
18.488889,40,902.490186
18.87017,40,902.684406
23.711111,40,902.867934
21.511111,40,903.050419
22.4,40,903.235115
19.6,40,903.418788
23.577778,40,903.601085
22.066667,40,903.783219
16.188453,40,903.967117
25.711111,40,904.365687
23.755556,40,904.545447
21.444444,40,904.733465
16.025424,40,904.916746
21.755556,40,905.099137
14.101617,40,905.27795
25.422222,40,905.457985
27.066667,40,905.64003
16.177778,40,905.824287
26.488889,40,906.00668
27.244444,40,906.190356
21.2,40,906.371481
16.2,40,906.550543
20.911111,40,906.73471
20.177778,40,906.921118
26.955556,40,907.102376
22.955556,40,907.28624
26.088889,40,907.47026
24.488889,40,907.654025
14.166701,40,907.837304
19.755556,40,908.020877
20.777778,40,908.204175
20.866667,40,908.389499
21.911111,40,908.572686
25.733333,40,908.754819
21.533333,40,908.935022
23.977778,40,909.115321
23.8,40,909.298791
24.288889,40,909.483103
18.355556,40,909.66472
24.511111,40,909.844918
23.577778,40,910.027035
19.4,40,910.209863
21.842416,40,910.396003
16.6,40,910.572857
26.977778,40,910.750934
17.610261,40,910.933093
27.6,40,911.115928
21.533333,40,911.296957
25.133333,40,911.486905
20.866667,40,911.672247
24.044444,40,911.855375
26.022222,40,912.038738
27.955556,40,912.219936
25.333333,40,912.401489
20.088889,40,912.586648
23.377778,40,912.767389
20.6,40,912.94861
25.466667,40,913.129084
16.133333,40,913.3089
25.844444,40,913.493918
22.777778,40,913.680372
15.444444,40,913.865319
22.644444,40,914.050042
19.911111,40,914.233254
25.888889,40,914.415684
14.488889,40,914.593868
16.914713,40,914.772827
25.755556,40,914.961438
19.56909,40,915.147925
15.533333,40,915.333712
22.955556,40,915.518013
18.928729,40,915.700504
20.688889,40,915.880996
23.711111,40,916.061592
23.632774,40,916.245671
16.844444,40,916.431154
23.133333,40,916.614526
27.577778,40,916.799906
20.644444,40,916.990168
26.355556,40,917.176
20.844444,40,917.353851
15.223114,40,917.539935
26.155556,40,917.758238
12.311111,40,917.952483
24.155556,40,918.156925
20.870493,40,918.391307
20.888889,40,918.574676
18.044444,40,918.845958
23.0,40,919.037236
28.0,40,919.235878
21.536095,40,919.423949
16.322405,40,919.603926
19.095328,40,919.785824
17.6,40,919.972087
12.822222,40,920.156716
25.666667,40,920.346842
23.933333,40,920.528569
17.4,40,920.707753
21.977778,40,920.889722
20.022222,40,921.068857
23.0,40,921.252901
25.851135,40,921.440456
18.088889,40,921.626404
20.4,40,921.808789
25.711111,40,921.991819
26.155556,40,922.175245
21.577778,40,922.3567
21.355556,40,922.539131
15.488889,40,922.719866
24.488889,40,922.901834
18.444444,40,923.08509
21.066667,40,923.487033
27.333333,40,923.67358
25.133333,40,923.853159
23.716849,40,924.037229
19.577778,40,924.216045
22.088889,40,924.399011
24.622222,40,924.585167
21.266667,40,924.766733
22.733333,40,924.949267
20.488889,40,925.130614
20.866667,40,925.326022
12.688889,40,925.540794
22.526684,40,925.725457
21.511111,40,925.90733
25.688889,40,926.087778
18.938676,40,926.273313
12.497184,40,926.457479
25.119453,40,926.642768
20.155556,40,926.827641
27.186736,40,927.010752
10.377778,40,927.193244
23.29893,40,927.374997
25.374827,40,927.556286
27.2,40,927.735661
15.222222,40,927.917101
25.222222,40,928.116992
15.4582,40,928.303335
21.755556,40,928.504132
21.266667,40,928.688082
22.866667,40,928.868731
23.066667,40,929.052647
18.73084,40,929.236208
23.844444,40,929.418444
18.177778,40,929.600362
24.911111,40,929.783234
27.355556,40,929.961685
17.464808,40,930.142923
24.933333,40,930.328211
28.066667,40,930.513065
26.111111,40,930.697623
20.377778,40,930.879662
24.4,40,931.058689
24.711111,40,931.239988
22.244444,40,931.421319
24.644444,40,931.603275
25.133333,40,931.779851
20.8,40,931.961768
20.0,40,932.144985
26.355556,40,932.322778
24.377778,40,932.505353
22.688889,40,932.686372
16.155556,40,932.945311
21.511111,40,933.140634
21.985929,40,933.331536
27.355556,40,933.628712
18.405605,40,933.810769
24.333333,40,933.991032
17.2,40,934.176472
22.2,40,934.363685
13.888889,40,934.546695
23.066667,40,934.739062
27.022222,40,934.933534
11.160779,40,935.13346
26.088889,40,935.378588
23.888889,40,935.993152
24.555556,40,936.606331
18.2,40,936.889681
23.488889,40,937.326241
24.377778,40,937.749975
19.027989,40,938.167993
21.777778,40,938.694113
26.377778,40,939.266321
23.377778,40,939.769745
24.222222,40,940.303465
20.186787,40,940.732031
25.644444,40,941.132866
23.533333,40,941.620342
12.749679,40,942.009043
20.215162,40,942.374644
25.911111,40,942.610835
21.0186,40,942.808498
23.822222,40,943.009829
16.688889,40,943.200383
5.678453,40,943.386955
2.733333,40,943.576375
25.6,40,943.768335
19.6,40,944.044547
24.444444,40,944.252218
23.644444,40,944.46803
17.311111,40,944.667156
26.222222,40,944.86925
12.333333,40,945.082769
21.111111,40,945.326711
23.777778,40,945.519865
27.644444,40,945.704443
16.777778,40,945.900427
19.61704,40,946.094226
24.622222,40,946.276994
24.622222,40,946.462481
22.755556,40,946.647606
22.2,40,946.830918
21.577778,40,947.011976
27.266667,40,947.194516
